date,visitor_team_id,visitor_goals,home_team_id,home_goals
2025-10-07,CHI,2,FLA,3
2025-10-07,COL,4,LAK,1
2025-10-07,PIT,3,NYR,0
2025-10-08,BOS,3,WSH,1
2025-10-08,CGY,4,EDM,3
2025-10-08,LAK,6,VGK,5
2025-10-08,MTL,2,TOR,5
2025-10-09,ANA,1,SEA,3
2025-10-09,CBJ,1,NSH,2
2025-10-09,CGY,1,VAN,5
2025-10-09,CHI,3,BOS,4
2025-10-09,DAL,5,WPG,4
2025-10-09,MIN,5,STL,0
2025-10-09,MTL,5,DET,1
2025-10-09,NJD,3,CAR,6
2025-10-09,NYI,3,PIT,4
2025-10-09,NYR,4,BUF,0
2025-10-09,OTT,5,TBL,4
2025-10-09,PHI,1,FLA,2
2025-10-09,UTA,1,COL,2
2025-10-09,VGK,4,SJS,3
2025-10-11,ANA,7,SJS,6
2025-10-11,BUF,1,BOS,3
2025-10-11,CBJ,7,MIN,4
2025-10-11,DAL,5,COL,4
2025-10-11,LAK,2,WPG,3
2025-10-11,MTL,3,CHI,2
2025-10-11,NJD,5,TBL,3
2025-10-11,NYR,6,PIT,1
2025-10-11,OTT,2,FLA,6
2025-10-11,PHI,3,CAR,4
2025-10-11,STL,4,CGY,2
2025-10-11,TOR,3,DET,6
2025-10-11,UTA,3,NSH,2
2025-10-11,VAN,1,EDM,3
2025-10-11,VGK,1,SEA,2
2025-10-11,WSH,4,NYI,2
2025-10-12,WSH,1,NYR,0
2025-10-13,COL,3,BUF,1
2025-10-13,DET,3,TOR,2
2025-10-13,FLA,2,PHI,5
2025-10-13,LAK,3,MIN,4
2025-10-13,NJD,3,CBJ,2
2025-10-13,NSH,4,OTT,1
2025-10-13,STL,5,VAN,2
2025-10-13,TBL,4,BOS,3
2025-10-13,UTA,1,CHI,3
2025-10-13,WPG,5,NYI,2
2025-10-14,CAR,5,SJS,1
2025-10-14,EDM,2,NYR,0
2025-10-14,MIN,2,DAL,5
2025-10-14,NSH,4,TOR,7
2025-10-14,PIT,3,ANA,4
2025-10-14,SEA,4,MTL,5
2025-10-14,TBL,2,WSH,3
2025-10-14,VGK,4,CGY,2
2025-10-15,CGY,1,UTA,3
2025-10-15,CHI,8,STL,3
2025-10-15,FLA,1,DET,4
2025-10-15,OTT,4,BUF,8
2025-10-16,BOS,5,VGK,6
2025-10-16,CAR,4,ANA,1
2025-10-16,COL,4,CBJ,1
2025-10-16,EDM,2,NYI,4
2025-10-16,FLA,1,NJD,3
2025-10-16,NSH,2,MTL,3
2025-10-16,NYR,1,TOR,2
2025-10-16,PIT,4,LAK,2
2025-10-16,SEA,3,OTT,4
2025-10-16,VAN,5,DAL,3
2025-10-16,WPG,5,PHI,2
2025-10-17,MIN,1,WSH,5
2025-10-17,SJS,3,UTA,6
2025-10-17,TBL,1,DET,2
2025-10-17,VAN,3,CHI,2
2025-10-18,BOS,1,COL,4
2025-10-18,CAR,4,LAK,3
2025-10-18,CGY,1,VGK,6
2025-10-18,DAL,1,STL,3
2025-10-18,EDM,3,NJD,5
2025-10-18,FLA,0,BUF,3
2025-10-18,MIN,1,PHI,2
2025-10-18,NSH,1,WPG,4
2025-10-18,NYI,5,OTT,4
2025-10-18,NYR,4,MTL,3
2025-10-18,PIT,3,SJS,0
2025-10-18,SEA,4,TOR,3
2025-10-18,TBL,2,CBJ,3
2025-10-19,ANA,1,CHI,2
2025-10-19,BOS,2,UTA,3
2025-10-19,EDM,2,DET,4
2025-10-19,VAN,4,WSH,3
2025-10-20,BUF,2,MTL,4
2025-10-20,CAR,1,VGK,4
2025-10-20,MIN,3,NYR,1
2025-10-20,SEA,2,PHI,5
2025-10-20,WPG,2,CGY,1
2025-10-21,ANA,5,NSH,2
2025-10-21,CBJ,5,DAL,1
2025-10-21,COL,3,UTA,4
2025-10-21,EDM,3,OTT,2
2025-10-21,FLA,4,BOS,3
2025-10-21,LAK,2,STL,1
2025-10-21,NJD,5,TOR,2
2025-10-21,SEA,1,WSH,4
2025-10-21,SJS,3,NYI,4
2025-10-21,VAN,1,PIT,5
2025-10-22,DET,2,BUF,4
2025-10-22,MIN,1,NJD,4
2025-10-22,MTL,2,CGY,1
2025-10-23,ANA,7,BOS,5
2025-10-23,CAR,5,COL,4
2025-10-23,CHI,3,TBL,2
2025-10-23,DET,2,NYI,7
2025-10-23,LAK,3,DAL,2
2025-10-23,MTL,5,EDM,6
2025-10-23,PHI,1,OTT,2
2025-10-23,PIT,5,FLA,3
2025-10-23,SEA,3,WPG,0
2025-10-23,SJS,6,NYR,5
2025-10-23,UTA,7,STL,4
2025-10-23,VAN,1,NSH,2
2025-10-24,CGY,3,WPG,5
2025-10-24,SJS,1,NJD,3
2025-10-24,TOR,3,BUF,5
2025-10-24,WSH,5,CBJ,1
2025-10-25,ANA,3,TBL,4
2025-10-25,BUF,3,TOR,4
2025-10-25,CAR,2,DAL,3
2025-10-25,CBJ,5,PIT,4
2025-10-25,COL,2,BOS,3
2025-10-25,EDM,2,SEA,3
2025-10-25,LAK,4,NSH,5
2025-10-25,MTL,4,VAN,3
2025-10-25,NYI,3,PHI,4
2025-10-25,OTT,7,WSH,1
2025-10-25,STL,4,DET,6
2025-10-25,UTA,6,MIN,2
2025-10-25,VGK,0,FLA,3
2025-10-26,COL,3,NJD,4
2025-10-26,DAL,3,NSH,2
2025-10-26,EDM,3,VAN,4
2025-10-26,LAK,3,CHI,1
2025-10-26,NYR,1,CGY,5
2025-10-26,SJS,6,MIN,5
2025-10-26,UTA,3,WPG,2
2025-10-26,VGK,1,TBL,2
2025-10-27,BOS,2,OTT,7
2025-10-27,STL,3,PIT,6
2025-10-28,ANA,3,FLA,2
2025-10-28,CBJ,4,BUF,3
2025-10-28,CGY,3,TOR,4
2025-10-28,DET,5,STL,2
2025-10-28,LAK,4,SJS,3
2025-10-28,MTL,4,SEA,3
2025-10-28,NJD,4,COL,8
2025-10-28,NYI,2,BOS,5
2025-10-28,NYR,2,VAN,0
2025-10-28,OTT,3,CHI,7
2025-10-28,PIT,2,PHI,3
2025-10-28,TBL,5,NSH,2
2025-10-28,UTA,3,EDM,6
2025-10-28,VGK,6,CAR,3
2025-10-28,WPG,4,MIN,3
2025-10-28,WSH,0,DAL,1
2025-10-29,TOR,3,CBJ,6
2025-10-30,BUF,3,BOS,4
2025-10-30,CGY,3,OTT,4
2025-10-30,CHI,3,WPG,6
2025-10-30,DAL,1,TBL,2
2025-10-30,DET,4,LAK,3
2025-10-30,NJD,2,SJS,5
2025-10-30,NSH,1,PHI,4
2025-10-30,NYI,2,CAR,6
2025-10-30,NYR,4,EDM,3
2025-10-30,PIT,4,MIN,1
2025-10-30,VAN,4,STL,3
2025-10-31,COL,4,VGK,2
2025-10-31,DET,2,ANA,5
2025-10-31,NYI,3,WSH,1
2025-11-01,CAR,1,BOS,2
2025-11-01,CGY,2,NSH,4
2025-11-01,CHI,2,EDM,3
2025-11-01,COL,2,SJS,3
2025-11-01,DAL,3,FLA,4
2025-11-01,NJD,4,LAK,1
2025-11-01,NYR,3,SEA,2
2025-11-01,OTT,3,MTL,4
2025-11-01,PIT,2,WPG,5
2025-11-01,STL,2,CBJ,3
2025-11-01,TOR,5,PHI,2
2025-11-01,VAN,2,MIN,5
2025-11-01,WSH,3,BUF,4
2025-11-02,CBJ,2,NYI,3
2025-11-02,CGY,2,PHI,1
2025-11-02,DET,3,SJS,2
2025-11-02,NJD,1,ANA,4
2025-11-02,TBL,4,UTA,2
2025-11-03,CHI,1,SEA,3
2025-11-03,EDM,2,STL,3
2025-11-03,PIT,3,TOR,4
2025-11-03,VAN,5,NSH,4
2025-11-04,BOS,4,NYI,3
2025-11-04,CAR,3,NYR,0
2025-11-04,DET,0,VGK,1
2025-11-04,EDM,3,DAL,4
2025-11-04,FLA,3,ANA,7
2025-11-04,NSH,2,MIN,3
2025-11-04,PHI,5,MTL,4
2025-11-04,TBL,2,COL,3
2025-11-04,UTA,2,BUF,1
2025-11-04,WPG,0,LAK,3
2025-11-05,CBJ,1,CGY,5
2025-11-05,CHI,5,VAN,2
2025-11-05,SJS,6,SEA,1
2025-11-05,STL,1,WSH,6
2025-11-05,UTA,3,TOR,5
2025-11-06,ANA,7,DAL,5
2025-11-06,FLA,5,LAK,2
2025-11-06,MIN,3,CAR,4
2025-11-06,MTL,3,NJD,4
2025-11-06,OTT,2,BOS,3
2025-11-06,PHI,3,NSH,1
2025-11-06,STL,3,BUF,0
2025-11-06,TBL,6,VGK,3
2025-11-06,WSH,3,PIT,5
2025-11-07,CHI,4,CGY,0
2025-11-07,MIN,5,NYI,2
2025-11-07,NYR,4,DET,1
2025-11-07,WPG,1,SJS,2
2025-11-08,ANA,4,VGK,3
2025-11-08,BOS,5,TOR,3
2025-11-08,BUF,3,CAR,6
2025-11-08,CBJ,3,VAN,4
2025-11-08,COL,9,EDM,1
2025-11-08,DAL,5,NSH,4
2025-11-08,FLA,1,SJS,3
2025-11-08,NYI,5,NYR,0
2025-11-08,OTT,3,PHI,2
2025-11-08,PIT,1,NJD,2
2025-11-08,SEA,4,STL,3
2025-11-08,UTA,2,MTL,6
2025-11-08,WSH,2,TBL,3
2025-11-09,CAR,5,TOR,4
2025-11-09,CGY,0,MIN,2
2025-11-09,CHI,5,DET,1
2025-11-09,COL,5,VAN,4
2025-11-09,LAK,3,PIT,2
2025-11-09,SEA,1,DAL,2
2025-11-09,UTA,2,OTT,4
2025-11-09,WPG,1,ANA,4
2025-11-10,CBJ,4,EDM,5
2025-11-10,FLA,3,VGK,2
2025-11-10,NSH,3,NYR,6
2025-11-10,NYI,3,NJD,2
2025-11-11,ANA,1,COL,4
2025-11-11,CBJ,2,SEA,1
2025-11-11,CGY,2,STL,3
2025-11-11,DAL,3,OTT,2
2025-11-11,LAK,5,MTL,1
2025-11-11,SJS,2,MIN,1
2025-11-11,TOR,3,BOS,5
2025-11-11,WPG,5,VAN,3
2025-11-11,WSH,4,CAR,1
2025-11-12,BUF,2,UTA,5
2025-11-12,EDM,2,PHI,1
2025-11-12,NJD,4,CHI,3
2025-11-12,NYR,7,TBL,3
2025-11-13,ANA,3,DET,6
2025-11-13,BOS,3,OTT,5
2025-11-13,BUF,3,COL,6
2025-11-13,DAL,7,MTL,0
2025-11-13,EDM,4,CBJ,5
2025-11-13,LAK,4,TOR,3
2025-11-13,NYI,4,VGK,3
2025-11-13,SJS,0,CGY,2
2025-11-13,WPG,3,SEA,5
2025-11-13,WSH,3,FLA,6
2025-11-14,NYI,3,UTA,2
2025-11-14,PHI,6,STL,5
2025-11-14,PIT,1,NSH,2
2025-11-14,VAN,3,CAR,4
2025-11-15,ANA,0,MIN,2
2025-11-15,BOS,3,MTL,2
2025-11-15,BUF,5,DET,4
2025-11-15,EDM,4,CAR,3
2025-11-15,LAK,1,OTT,0
2025-11-15,NJD,3,WSH,2
2025-11-15,NYR,2,CBJ,1
2025-11-15,PHI,1,DAL,5
2025-11-15,SJS,1,SEA,4
2025-11-15,TBL,3,FLA,1
2025-11-15,TOR,2,CHI,3
2025-11-15,VGK,4,STL,1
2025-11-15,WPG,4,CGY,3
2025-11-16,DET,2,NYR,1
2025-11-16,NSH,0,PIT,4
2025-11-16,NYI,1,COL,4
2025-11-16,VAN,6,TBL,2
2025-11-16,VGK,2,MIN,3
2025-11-17,CAR,3,BOS,1
2025-11-17,EDM,1,BUF,5
2025-11-17,LAK,1,WSH,2
2025-11-17,MTL,3,CBJ,4
2025-11-17,UTA,2,ANA,3
2025-11-17,VAN,5,FLA,8
2025-11-18,CBJ,2,WPG,5
2025-11-18,CGY,2,CHI,5
2025-11-18,NJD,1,TBL,5
2025-11-18,NYI,3,DAL,2
2025-11-18,NYR,2,VGK,3
2025-11-18,SEA,2,DET,4
2025-11-18,STL,2,TOR,3
2025-11-18,UTA,2,SJS,3
2025-11-19,BOS,3,ANA,4
2025-11-19,CAR,3,MIN,4
2025-11-19,CGY,6,BUF,2
2025-11-19,EDM,4,WSH,7
2025-11-20,CBJ,3,TOR,2
2025-11-20,DAL,4,VAN,2
2025-11-20,EDM,1,TBL,2
2025-11-20,LAK,3,SJS,4
2025-11-20,NJD,0,FLA,1
2025-11-20,NYI,5,DET,0
2025-11-20,NYR,3,COL,6
2025-11-20,OTT,3,ANA,2
2025-11-20,SEA,3,CHI,2
2025-11-20,STL,2,PHI,3
2025-11-20,VGK,4,UTA,1
2025-11-20,WSH,8,MTL,4
2025-11-21,BOS,2,LAK,1
2025-11-21,CAR,4,WPG,3
2025-11-21,CHI,3,BUF,9
2025-11-21,MIN,5,PIT,0
2025-11-22,CBJ,3,DET,4
2025-11-22,COL,3,NSH,0
2025-11-22,DAL,2,CGY,3
2025-11-22,EDM,6,FLA,3
2025-11-22,NJD,3,PHI,6
2025-11-22,NYR,2,UTA,3
2025-11-22,OTT,3,SJS,2
2025-11-22,SEA,3,PIT,2
2025-11-22,STL,2,NYI,1
2025-11-22,TBL,5,WSH,3
2025-11-22,TOR,2,MTL,5
2025-11-22,VGK,3,ANA,4
2025-11-23,BOS,1,SJS,3
2025-11-23,CAR,1,BUF,4
2025-11-23,CGY,5,VAN,2
2025-11-23,COL,1,CHI,0
2025-11-23,MIN,3,WPG,0
2025-11-23,SEA,0,NYI,1
2025-11-24,CBJ,1,WSH,5
2025-11-24,DET,3,NJD,4
2025-11-24,FLA,8,NSH,3
2025-11-24,OTT,1,LAK,2
2025-11-24,PHI,0,TBL,3
2025-11-24,STL,2,NYR,3
2025-11-24,VGK,1,UTA,5
2025-11-25,DAL,8,EDM,3
2025-11-26,BOS,3,NYI,1
2025-11-26,BUF,2,PIT,4
2025-11-26,CGY,1,TBL,5
2025-11-26,DAL,3,SEA,2
2025-11-26,MIN,4,CHI,3
2025-11-26,MTL,4,UTA,3
2025-11-26,NSH,6,DET,3
2025-11-26,NYR,4,CAR,2
2025-11-26,OTT,4,VGK,3
2025-11-26,PHI,4,FLA,2
2025-11-26,SJS,0,COL,6
2025-11-26,STL,2,NJD,3
2025-11-26,TOR,2,CBJ,1
2025-11-26,VAN,5,ANA,4
2025-11-26,WPG,3,WSH,4
2025-11-28,CGY,5,FLA,3
2025-11-28,COL,2,MIN,3
2025-11-28,LAK,4,ANA,5
2025-11-28,MTL,4,VGK,1
2025-11-28,NJD,5,BUF,0
2025-11-28,NSH,4,CHI,3
2025-11-28,NYR,6,BOS,2
2025-11-28,OTT,3,STL,4
2025-11-28,PHI,4,NYI,3
2025-11-28,PIT,4,CBJ,3
2025-11-28,TBL,6,DET,3
2025-11-28,TOR,2,WSH,4
2025-11-28,UTA,3,DAL,4
2025-11-28,VAN,2,SJS,3
2025-11-28,WPG,1,CAR,5
2025-11-29,BUF,3,MIN,2
2025-11-29,DET,2,BOS,3
2025-11-29,EDM,4,SEA,0
2025-11-29,MTL,2,COL,7
2025-11-29,PHI,5,NJD,3
2025-11-29,SJS,3,VGK,4
2025-11-29,TBL,4,NYR,1
2025-11-29,TOR,7,PIT,2
2025-11-29,UTA,0,STL,1
2025-11-29,VAN,1,LAK,2
2025-11-29,WPG,5,NSH,2
2025-11-30,ANA,3,CHI,5
2025-11-30,CGY,0,CAR,1
2025-11-30,OTT,1,DAL,6
2025-11-30,WSH,4,NYI,1
2025-12-01,ANA,4,STL,1
2025-12-01,CBJ,5,NJD,3
2025-12-01,PIT,5,PHI,1
2025-12-01,UTA,3,SJS,6
2025-12-01,WPG,1,BUF,5
2025-12-02,BOS,4,DET,5
2025-12-02,CGY,1,NSH,5
2025-12-02,CHI,3,VGK,4
2025-12-02,DAL,2,NYR,3
2025-12-02,MIN,1,EDM,0
2025-12-02,OTT,5,MTL,2
2025-12-02,TBL,1,NYI,2
2025-12-02,TOR,4,FLA,1
2025-12-02,VAN,1,COL,3
2025-12-02,WSH,3,LAK,1
2025-12-03,BUF,2,PHI,5
2025-12-03,DAL,3,NJD,0
2025-12-03,UTA,7,ANA,0
2025-12-03,WPG,2,MTL,3
2025-12-03,WSH,7,SJS,1
2025-12-04,CHI,2,LAK,1
2025-12-04,COL,3,NYI,6
2025-12-04,DET,5,CBJ,6
2025-12-04,MIN,1,CGY,4
2025-12-04,NSH,2,FLA,1
2025-12-04,NYR,4,OTT,2
2025-12-04,PIT,4,TBL,3
2025-12-04,SEA,4,EDM,9
2025-12-04,STL,2,BOS,5
2025-12-04,TOR,5,CAR,1
2025-12-05,BUF,1,WPG,4
2025-12-05,SJS,1,DAL,4
2025-12-05,UTA,4,VAN,1
2025-12-05,VGK,3,NJD,0
2025-12-05,WSH,3,ANA,4
2025-12-06,CBJ,6,FLA,7
2025-12-06,CHI,0,LAK,6
2025-12-06,COL,3,NYR,2
2025-12-06,DET,4,SEA,3
2025-12-06,MIN,2,VAN,4
2025-12-06,MTL,2,TOR,1
2025-12-06,NJD,1,BOS,4
2025-12-06,NSH,3,CAR,6
2025-12-06,NYI,2,TBL,0
2025-12-06,STL,2,OTT,1
2025-12-06,UTA,0,CGY,2
2025-12-06,WPG,2,EDM,6
2025-12-07,CBJ,0,WSH,2
2025-12-07,CHI,1,ANA,7
2025-12-07,COL,3,PHI,2
2025-12-07,NYI,1,FLA,4
2025-12-07,PIT,2,DAL,3
2025-12-07,SJS,4,CAR,1
2025-12-07,STL,4,MTL,3
2025-12-07,VGK,3,NYR,2
2025-12-08,BUF,4,CGY,7
2025-12-08,DET,4,VAN,0
2025-12-08,LAK,4,UTA,2
2025-12-08,MIN,4,SEA,1
2025-12-08,TBL,0,TOR,2
2025-12-09,ANA,4,PIT,3
2025-12-09,BOS,5,STL,2
2025-12-09,BUF,4,EDM,3
2025-12-09,CBJ,1,CAR,4
2025-12-09,COL,3,NSH,4
2025-12-09,DAL,4,WPG,3
2025-12-09,NJD,4,OTT,3
2025-12-09,SJS,1,PHI,4
2025-12-09,TBL,6,MTL,1
2025-12-09,VGK,4,NYI,5
2025-12-10,DET,4,CGY,3
2025-12-10,FLA,4,UTA,3
2025-12-10,LAK,2,SEA,3
2025-12-10,NYR,0,CHI,3
2025-12-11,ANA,2,NYI,5
2025-12-11,BOS,6,WPG,3
2025-12-11,BUF,3,VAN,2
2025-12-11,CAR,3,WSH,2
2025-12-11,DAL,2,MIN,5
2025-12-11,DET,1,EDM,4
2025-12-11,FLA,2,COL,6
2025-12-11,MTL,4,PIT,2
2025-12-11,OTT,6,CBJ,3
2025-12-11,SJS,3,TOR,2
2025-12-11,STL,2,NSH,7
2025-12-11,TBL,8,NJD,4
2025-12-11,VGK,3,PHI,2
2025-12-12,CHI,2,STL,3
2025-12-12,SEA,3,UTA,5
2025-12-13,ANA,1,NJD,4
2025-12-13,CAR,4,PHI,3
2025-12-13,CGY,2,LAK,1
2025-12-13,DET,4,CHI,0
2025-12-13,EDM,6,TOR,3
2025-12-13,FLA,4,DAL,0
2025-12-13,MTL,4,NYR,5
2025-12-13,NSH,2,COL,4
2025-12-13,OTT,2,MIN,3
2025-12-13,SJS,6,PIT,5
2025-12-13,TBL,2,NYI,3
2025-12-13,VGK,3,CBJ,2
2025-12-13,WSH,1,WPG,5
2025-12-14,BOS,2,MIN,6
2025-12-14,BUF,3,SEA,1
2025-12-14,EDM,1,MTL,4
2025-12-14,PHI,2,CAR,3
2025-12-14,UTA,5,PIT,4
2025-12-14,VAN,2,NJD,1
2025-12-15,ANA,4,NYR,1
2025-12-15,FLA,5,TBL,2
2025-12-15,LAK,1,DAL,4
2025-12-15,NSH,5,STL,2
2025-12-15,OTT,3,WPG,2
2025-12-16,ANA,3,CBJ,4
2025-12-16,CGY,3,SJS,6
2025-12-16,CHI,2,TOR,3
2025-12-16,COL,5,SEA,3
2025-12-16,EDM,6,PIT,4
2025-12-16,NYI,2,DET,3
2025-12-16,PHI,4,MTL,1
2025-12-16,UTA,1,BOS,4
2025-12-16,VAN,3,NYR,0
2025-12-16,WSH,0,MIN,5
2025-12-17,CAR,4,NSH,1
2025-12-17,LAK,2,FLA,3
2025-12-17,NJD,2,VGK,1
2025-12-17,UTA,4,DET,1
2025-12-17,WPG,0,STL,1
2025-12-18,CHI,1,MTL,4
2025-12-18,DAL,5,SJS,3
2025-12-18,EDM,3,BOS,1
2025-12-18,LAK,2,TBL,1
2025-12-18,MIN,5,CBJ,2
2025-12-18,NYR,2,STL,1
2025-12-18,PHI,3,BUF,5
2025-12-18,PIT,0,OTT,4
2025-12-18,SEA,2,CGY,4
2025-12-18,TOR,0,WSH,4
2025-12-19,CAR,3,FLA,4
2025-12-19,DAL,8,ANA,3
2025-12-19,NJD,2,UTA,1
2025-12-19,VAN,4,NYI,1
2025-12-19,WPG,2,COL,3
2025-12-20,CAR,4,TBL,6
2025-12-20,CBJ,3,ANA,4
2025-12-20,CHI,4,OTT,6
2025-12-20,DET,5,WSH,2
2025-12-20,EDM,2,MIN,5
2025-12-20,NYI,2,BUF,3
2025-12-20,PHI,4,NYR,5
2025-12-20,PIT,0,MTL,4
2025-12-20,SEA,4,SJS,2
2025-12-20,STL,6,FLA,2
2025-12-20,TOR,3,NSH,5
2025-12-20,VAN,5,BOS,4
2025-12-20,VGK,3,CGY,6
2025-12-21,BUF,3,NJD,1
2025-12-21,COL,5,MIN,1
2025-12-21,MTL,3,PIT,4
2025-12-21,NYR,1,NSH,2
2025-12-21,OTT,6,BOS,2
2025-12-21,TOR,1,DAL,5
2025-12-21,VGK,3,EDM,4
2025-12-21,WPG,3,UTA,4
2025-12-21,WSH,2,DET,3
2025-12-22,CBJ,3,LAK,1
2025-12-22,SEA,3,ANA,1
2025-12-22,STL,1,TBL,4
2025-12-22,VAN,2,PHI,5
2025-12-23,BUF,3,OTT,2
2025-12-23,CGY,1,EDM,5
2025-12-23,DAL,3,DET,4
2025-12-23,FLA,5,CAR,2
2025-12-23,MTL,6,BOS,2
2025-12-23,NJD,1,NYI,2
2025-12-23,NSH,3,MIN,2
2025-12-23,NYR,7,WSH,3
2025-12-23,PHI,3,CHI,1
2025-12-23,PIT,3,TOR,6
2025-12-23,SEA,3,LAK,2
2025-12-23,SJS,2,VGK,7
2025-12-23,UTA,0,COL,1
2025-12-27,ANA,1,LAK,6
2025-12-27,BOS,1,BUF,4
2025-12-27,CHI,4,DAL,3
2025-12-27,COL,6,VGK,5
2025-12-27,DET,2,CAR,5
2025-12-27,EDM,2,CGY,3
2025-12-27,MIN,4,WPG,3
2025-12-27,NSH,2,STL,3
2025-12-27,NYR,0,NYI,2
2025-12-27,OTT,5,TOR,7
2025-12-27,SJS,6,VAN,3
2025-12-27,TBL,4,FLA,2
2025-12-27,WSH,4,NJD,3
2025-12-28,MTL,4,TBL,5
2025-12-28,NYI,2,CBJ,4
2025-12-28,PHI,1,SEA,4
2025-12-28,PIT,7,CHI,3
2025-12-28,TOR,2,DET,3
2025-12-29,BOS,1,CGY,2
2025-12-29,BUF,4,STL,2
2025-12-29,CBJ,4,OTT,1
2025-12-29,EDM,3,WPG,1
2025-12-29,LAK,2,COL,5
2025-12-29,MIN,5,VGK,2
2025-12-29,NSH,4,UTA,3
2025-12-29,NYR,2,CAR,3
2025-12-29,SJS,5,ANA,4
2025-12-29,VAN,3,SEA,2
2025-12-29,WSH,3,FLA,5
2025-12-30,CAR,1,PIT,5
2025-12-30,MTL,3,FLA,2
2025-12-30,NJD,0,TOR,4
2025-12-30,NYI,3,CHI,2
2025-12-30,PHI,6,VAN,3
2025-12-31,BOS,6,EDM,2
2025-12-31,BUF,4,DAL,1
2025-12-31,MIN,3,SJS,4
2025-12-31,NJD,3,CBJ,2
2025-12-31,NSH,4,VGK,2
2025-12-31,NYR,3,WSH,6
2025-12-31,PHI,1,CGY,5
2025-12-31,STL,1,COL,6
2025-12-31,TBL,4,ANA,3
2025-12-31,WPG,1,DET,2
2026-01-01,DAL,3,CHI,4
2026-01-01,DET,3,PIT,4
2026-01-01,MTL,7,CAR,5
2026-01-01,NSH,1,SEA,4
2026-01-01,TBL,5,LAK,3
2026-01-01,UTA,7,NYI,2
2026-01-01,WPG,5,TOR,6
2026-01-01,WSH,3,OTT,4
2026-01-02,MIN,5,ANA,2
2026-01-02,NYR,5,FLA,1
2026-01-02,SEA,4,VAN,3
2026-01-02,VGK,3,STL,4
2026-01-03,BOS,3,VAN,2
2026-01-03,BUF,1,CBJ,5
2026-01-03,CHI,3,WSH,2
2026-01-03,COL,5,CAR,3
2026-01-03,MIN,4,LAK,5
2026-01-03,MTL,0,STL,2
2026-01-03,NSH,4,CGY,3
2026-01-03,PHI,5,EDM,2
2026-01-03,PIT,4,DET,1
2026-01-03,TBL,7,SJS,3
2026-01-03,TOR,3,NYI,4
2026-01-03,UTA,1,NJD,4
2026-01-03,WPG,2,OTT,4
2026-01-04,CAR,3,NJD,1
2026-01-04,COL,1,FLA,2
2026-01-04,MTL,4,DAL,3
2026-01-04,PIT,5,CBJ,4
2026-01-04,VGK,2,CHI,3
2026-01-05,ANA,4,WSH,7
2026-01-05,DET,5,OTT,3
2026-01-05,MIN,2,LAK,4
2026-01-05,SEA,5,CGY,1
2026-01-05,UTA,3,NYR,2
2026-01-06,ANA,2,PHI,5
2026-01-06,BOS,4,SEA,7
2026-01-06,CBJ,2,SJS,5
2026-01-06,COL,2,TBL,4
2026-01-06,DAL,3,CAR,6
2026-01-06,FLA,1,TOR,4
2026-01-06,NJD,0,NYI,9
2026-01-06,NSH,2,EDM,6
2026-01-06,VAN,3,BUF,5
2026-01-06,VGK,4,WPG,3
2026-01-07,CGY,1,MTL,4
2026-01-07,DAL,4,WSH,1
2026-01-07,OTT,1,UTA,3
2026-01-07,SJS,4,LAK,3
2026-01-07,STL,3,CHI,7
2026-01-08,ANA,2,CAR,5
2026-01-08,BUF,5,NYR,2
2026-01-08,CBJ,3,VGK,5
2026-01-08,CGY,1,BOS,4
2026-01-08,EDM,4,WPG,3
2026-01-08,FLA,2,MTL,6
2026-01-08,MIN,3,SEA,2
2026-01-08,NJD,1,PIT,4
2026-01-08,NYI,1,NSH,2
2026-01-08,OTT,2,COL,8
2026-01-08,TOR,2,PHI,1
2026-01-08,VAN,1,DET,5
2026-01-09,LAK,1,WPG,5
2026-01-09,STL,2,UTA,4
2026-01-09,WSH,5,CHI,1
2026-01-10,ANA,3,BUF,5
2026-01-10,CBJ,0,COL,4
2026-01-10,CGY,2,PIT,1
2026-01-10,CHI,3,NSH,0
2026-01-10,DAL,4,SJS,5
2026-01-10,DET,4,MTL,0
2026-01-10,FLA,3,OTT,2
2026-01-10,LAK,4,EDM,3
2026-01-10,NYI,4,MIN,3
2026-01-10,NYR,2,BOS,10
2026-01-10,SEA,2,CAR,3
2026-01-10,STL,2,VGK,4
2026-01-10,TBL,7,PHI,2
2026-01-10,VAN,0,TOR,5
2026-01-11,CBJ,3,UTA,2
2026-01-11,NJD,3,WPG,4
2026-01-11,PIT,0,BOS,1
2026-01-11,VGK,7,SJS,2
2026-01-11,WSH,2,NSH,3
2026-01-12,CAR,3,DET,4
2026-01-12,DAL,3,LAK,1
2026-01-12,EDM,4,CHI,1
2026-01-12,FLA,4,BUF,3
2026-01-12,NJD,5,MIN,2
2026-01-12,SEA,4,NYR,2
2026-01-12,TBL,5,PHI,1
2026-01-12,TOR,4,COL,3
2026-01-12,VAN,3,MTL,6
2026-01-13,CAR,0,STL,3
2026-01-13,CGY,3,CBJ,5
2026-01-13,DAL,1,ANA,3
2026-01-13,DET,0,BOS,3
2026-01-13,EDM,3,NSH,4
2026-01-13,MTL,2,WSH,3
2026-01-13,NYI,4,WPG,5
2026-01-13,TBL,2,PIT,1
2026-01-13,TOR,1,UTA,6
2026-01-13,VAN,1,OTT,2
2026-01-14,OTT,8,NYR,4
2026-01-14,PHI,2,BUF,5
2026-01-14,SEA,2,NJD,3
2026-01-14,VGK,3,LAK,2
2026-01-15,CGY,3,CHI,1
2026-01-15,DAL,1,UTA,2
2026-01-15,MTL,3,BUF,5
2026-01-15,NYI,1,EDM,0
2026-01-15,PHI,3,PIT,6
2026-01-15,SEA,2,BOS,4
2026-01-15,SJS,3,WSH,2
2026-01-15,TOR,5,VGK,6
2026-01-15,VAN,1,CBJ,4
2026-01-15,WPG,6,MIN,2
2026-01-16,ANA,3,LAK,2
2026-01-16,FLA,1,CAR,9
2026-01-16,NSH,7,COL,3
2026-01-16,SJS,2,DET,4
2026-01-16,TBL,2,STL,3
2026-01-17,BOS,5,CHI,2
2026-01-17,CAR,4,NJD,1
2026-01-17,CBJ,4,PIT,3
2026-01-17,EDM,6,VAN,0
2026-01-17,FLA,5,WSH,2
2026-01-17,LAK,1,ANA,2
2026-01-17,MIN,5,BUF,4
2026-01-17,MTL,6,OTT,5
2026-01-17,NSH,2,VGK,7
2026-01-17,NYI,2,CGY,4
2026-01-17,NYR,6,PHI,3
2026-01-17,SEA,3,UTA,6
2026-01-17,TOR,4,WPG,3
2026-01-18,OTT,3,DET,4
2026-01-18,STL,0,EDM,5
2026-01-18,TBL,4,DAL,1
2026-01-19,BUF,1,CAR,2
2026-01-19,MIN,6,TOR,3
2026-01-19,NJD,2,CGY,1
2026-01-19,NYI,4,VAN,3
2026-01-19,NYR,3,ANA,5
2026-01-19,PHI,2,VGK,1
2026-01-19,PIT,6,SEA,3
2026-01-19,SJS,4,FLA,1
2026-01-19,WPG,0,CHI,2
2026-01-19,WSH,2,COL,5
2026-01-20,BOS,2,DAL,6
2026-01-20,BUF,5,NSH,3
2026-01-20,MIN,3,MTL,4
2026-01-20,NJD,2,EDM,1
2026-01-20,NYR,3,LAK,4
2026-01-20,OTT,4,CBJ,1
2026-01-20,SJS,1,TBL,4
2026-01-20,STL,1,WPG,3
2026-01-21,ANA,2,COL,1
2026-01-21,DET,2,TOR,1
2026-01-21,NYI,1,SEA,4
2026-01-21,PHI,4,UTA,5
2026-01-21,PIT,4,CGY,1
2026-01-21,WSH,3,VAN,4
2026-01-22,BUF,4,MTL,2
2026-01-22,CHI,4,CAR,3
2026-01-22,DAL,0,CBJ,1
2026-01-22,DET,3,MIN,4
2026-01-22,FLA,2,WPG,1
2026-01-22,OTT,3,NSH,5
2026-01-22,PIT,6,EDM,2
2026-01-22,VGK,3,BOS,4
2026-01-23,ANA,4,SEA,2
2026-01-23,NJD,5,VAN,4
2026-01-23,NYR,1,SJS,3
2026-01-23,PHI,7,COL,3
2026-01-23,STL,2,DAL,3
2026-01-23,TBL,2,CHI,1
2026-01-23,VGK,6,TOR,3
2026-01-23,WSH,3,CGY,1
2026-01-24,BUF,5,NYI,0
2026-01-24,CAR,4,OTT,1
2026-01-24,DET,5,WPG,1
2026-01-24,FLA,4,MIN,3
2026-01-24,LAK,5,STL,4
2026-01-24,MTL,3,BOS,4
2026-01-24,TBL,5,CBJ,8
2026-01-24,UTA,5,NSH,2
2026-01-24,WSH,5,EDM,6
2026-01-25,ANA,4,CGY,3
2026-01-25,COL,4,TOR,1
2026-01-25,FLA,5,CHI,1
2026-01-25,NJD,2,SEA,4
2026-01-25,PIT,3,VAN,2
2026-01-25,VGK,1,OTT,7
2026-01-26,ANA,4,EDM,7
2026-01-26,BOS,3,NYR,4
2026-01-26,NYI,4,PHI,0
2026-01-26,UTA,0,TBL,2
2026-01-27,BUF,7,TOR,4
2026-01-27,CHI,3,MIN,4
2026-01-27,DAL,4,STL,3
2026-01-27,LAK,3,DET,1
2026-01-27,NSH,2,BOS,3
2026-01-27,SJS,5,VAN,2
2026-01-27,UTA,4,FLA,3
2026-01-27,VGK,2,MTL,3
2026-01-27,WPG,4,NJD,3
2026-01-27,WSH,1,SEA,5
2026-01-28,COL,2,OTT,5
2026-01-28,NYR,2,NYI,5
2026-01-28,PHI,3,CBJ,5
2026-01-29,ANA,0,VAN,2
2026-01-29,CGY,1,MIN,4
2026-01-29,CHI,2,PIT,6
2026-01-29,COL,3,MTL,7
2026-01-29,DAL,5,VGK,4
2026-01-29,FLA,4,STL,5
2026-01-29,LAK,1,BUF,4
2026-01-29,NSH,2,NJD,3
2026-01-29,NYI,2,NYR,1
2026-01-29,PHI,3,BOS,6
2026-01-29,SJS,3,EDM,4
2026-01-29,TOR,2,SEA,5
2026-01-29,UTA,4,CAR,5
2026-01-29,WPG,1,TBL,4
2026-01-29,WSH,4,DET,3
2026-01-30,CBJ,4,CHI,2
2026-01-31,CAR,3,WSH,4
2026-01-31,CBJ,5,STL,3
2026-01-31,COL,5,DET,0
2026-01-31,DAL,3,UTA,2
2026-01-31,LAK,3,PHI,2
2026-01-31,MIN,7,EDM,3
2026-01-31,MTL,4,BUF,2
2026-01-31,NJD,1,OTT,4
2026-01-31,NSH,4,NYI,3
2026-01-31,NYR,5,PIT,6
2026-01-31,SEA,3,VGK,2
2026-01-31,SJS,2,CGY,3
2026-01-31,TOR,3,VAN,2
2026-01-31,WPG,2,FLA,1
2026-02-01,BOS,5,TBL,6
2026-02-01,LAK,2,CAR,3
2026-02-01,VGK,3,ANA,4
2026-02-02,BUF,5,FLA,3
2026-02-02,DET,2,COL,0
2026-02-02,MTL,3,MIN,4
2026-02-02,NYI,1,WSH,4
2026-02-02,OTT,3,PIT,2
2026-02-02,SJS,3,CHI,6
2026-02-02,STL,5,NSH,6
2026-02-02,TOR,4,CGY,2
2026-02-02,VAN,2,UTA,6
2026-02-02,WPG,3,DAL,4
2026-02-03,BUF,3,TBL,4
2026-02-03,CBJ,3,NJD,0
2026-02-03,OTT,3,CAR,4
2026-02-03,PIT,4,NYI,5
2026-02-03,SEA,2,ANA,4
2026-02-03,TOR,5,EDM,2
2026-02-03,WSH,2,PHI,4
2026-02-04,BOS,4,FLA,5
2026-02-04,CHI,0,CBJ,4
2026-02-04,DET,1,UTA,4
2026-02-04,EDM,3,CGY,4
2026-02-04,MIN,6,NSH,5
2026-02-04,MTL,5,WPG,1
2026-02-04,SEA,4,LAK,2
2026-02-04,SJS,2,COL,4
2026-02-04,STL,4,DAL,5
2026-02-04,VAN,2,VGK,5
2026-02-05,CAR,2,NYR,0
2026-02-05,FLA,1,TBL,6
2026-02-05,LAK,1,VGK,4
2026-02-05,NSH,2,WSH,4
2026-02-05,NYI,3,NJD,1
2026-02-05,OTT,2,PHI,1
2026-02-05,PIT,5,BUF,2
2026-02-25,BUF,2,NJD,1
2026-02-25,COL,4,UTA,2
2026-02-25,EDM,5,ANA,6
2026-02-25,PHI,1,WSH,3
2026-02-25,SEA,1,DAL,4
2026-02-25,TOR,2,TBL,4
2026-02-25,VGK,6,LAK,4
2026-02-25,WPG,3,VAN,2
2026-02-26,CBJ,2,BOS,4
2026-02-26,CGY,4,SJS,1
2026-02-26,CHI,2,NSH,4
2026-02-26,DET,2,OTT,1
2026-02-26,EDM,8,LAK,1
2026-02-26,MIN,5,COL,2
2026-02-26,NJD,1,PIT,4
2026-02-26,NYI,4,MTL,3
2026-02-26,PHI,3,NYR,2
2026-02-26,SEA,1,STL,5
2026-02-26,TBL,4,CAR,5
2026-02-26,TOR,1,FLA,5
2026-02-27,BUF,3,FLA,2
2026-02-27,MIN,2,UTA,5
2026-02-27,VGK,2,WSH,3
2026-02-27,WPG,4,ANA,5
2026-02-28,BOS,1,PHI,3
2026-02-28,BUF,6,TBL,2
2026-02-28,CGY,0,LAK,2
2026-02-28,CHI,1,COL,3
2026-02-28,DET,2,CAR,5
2026-02-28,EDM,4,SJS,5
2026-02-28,NJD,3,STL,1
2026-02-28,NSH,2,DAL,3
2026-02-28,NYI,4,CBJ,3
2026-02-28,OTT,5,TOR,2
2026-02-28,PIT,2,NYR,3
2026-02-28,VAN,1,SEA,5
2026-02-28,WSH,2,MTL,6
2026-03-01,CGY,2,ANA,3
2026-03-01,CHI,4,UTA,0
2026-03-01,FLA,4,NYI,5
2026-03-01,STL,3,MIN,1
2026-03-01,VGK,0,PIT,5
2026-03-01,WPG,1,SJS,2
2026-03-02,CAR,1,SEA,2
2026-03-02,CBJ,5,NYR,4
2026-03-02,COL,4,LAK,2
2026-03-02,DAL,6,VAN,1
2026-03-02,DET,4,NSH,2
2026-03-02,PHI,3,TOR,2
2026-03-03,CHI,2,WPG,3
2026-03-03,COL,5,ANA,1
2026-03-03,DAL,6,CGY,1
2026-03-03,FLA,1,NJD,5
2026-03-03,MTL,5,SJS,7
2026-03-03,NSH,2,CBJ,3
2026-03-03,OTT,4,EDM,5
2026-03-03,PIT,1,BOS,2
2026-03-03,TBL,1,MIN,5
2026-03-03,UTA,3,WSH,2
2026-03-03,VGK,2,BUF,3
2026-03-04,CAR,6,VAN,4
2026-03-04,NYI,1,ANA,5
2026-03-04,STL,3,SEA,2
2026-03-04,TOR,3,NJD,4
2026-03-04,VGK,4,DET,3
2026-03-05,BOS,3,NSH,6
2026-03-05,BUF,5,PIT,1
2026-03-05,FLA,2,CBJ,4
2026-03-05,NYI,3,LAK,5
2026-03-05,OTT,4,CGY,1
2026-03-05,TBL,1,WPG,4
2026-03-05,TOR,2,NYR,6
2026-03-05,UTA,3,PHI,0
2026-03-06,CAR,6,EDM,3
2026-03-06,COL,5,DAL,4
2026-03-06,FLA,3,DET,1
2026-03-06,MIN,4,VGK,2
2026-03-06,MTL,5,ANA,6
2026-03-06,STL,3,SJS,2
2026-03-06,VAN,6,CHI,3
2026-03-07,CAR,4,CGY,5
2026-03-07,MTL,4,LAK,3
2026-03-07,NSH,2,BUF,3
2026-03-07,NYI,2,SJS,1
2026-03-07,NYR,3,NJD,6
2026-03-07,OTT,7,SEA,4
2026-03-07,PHI,4,PIT,3
2026-03-07,TBL,5,TOR,2
2026-03-07,UTA,5,CBJ,4
2026-03-07,VAN,2,WPG,3
2026-03-07,WSH,1,BOS,3
2026-03-08,BOS,4,PIT,5
2026-03-08,CHI,3,DAL,4
2026-03-08,DET,3,NJD,0
2026-03-08,EDM,4,VGK,2
2026-03-08,MIN,2,COL,3
2026-03-08,STL,4,ANA,0
2026-03-08,TBL,7,BUF,8
2026-03-09,CGY,3,WSH,7
2026-03-09,LAK,5,CBJ,4
2026-03-09,NYR,6,PHI,2
2026-03-09,OTT,2,VAN,0
2026-03-09,UTA,2,CHI,3
2026-03-10,ANA,4,WPG,1
2026-03-10,CBJ,5,TBL,2
2026-03-10,CGY,0,NYR,4
2026-03-10,DET,3,FLA,4
2026-03-10,EDM,4,COL,3
2026-03-10,LAK,1,BOS,2
2026-03-10,NSH,4,SEA,2
2026-03-10,NYI,4,STL,3
2026-03-10,PIT,4,CAR,5
2026-03-10,SJS,3,BUF,6
2026-03-10,TOR,1,MTL,3
2026-03-10,UTA,0,MIN,5
2026-03-10,VGK,1,DAL,2
2026-03-11,MTL,3,OTT,2
2026-03-11,WSH,1,PHI,4
2026-03-12,ANA,4,TOR,6
2026-03-12,CBJ,1,FLA,2
2026-03-12,CGY,5,NJD,4
2026-03-12,CHI,3,UTA,2
2026-03-12,COL,5,SEA,1
2026-03-12,DET,1,TBL,4
2026-03-12,EDM,2,DAL,7
2026-03-12,NSH,3,VAN,4
2026-03-12,NYR,6,WPG,3
2026-03-12,PHI,3,MIN,2
2026-03-12,PIT,2,VGK,6
2026-03-12,SJS,4,BOS,2
2026-03-12,STL,3,CAR,1
2026-03-12,WSH,2,BUF,1
2026-03-13,EDM,2,STL,3
2026-03-13,LAK,3,NYI,2
2026-03-14,ANA,0,OTT,2
2026-03-14,BOS,3,WSH,2
2026-03-14,CAR,4,TBL,2
2026-03-14,CBJ,2,PHI,1
2026-03-14,CGY,2,NYI,3
2026-03-14,CHI,0,VGK,4
2026-03-14,COL,1,WPG,3
2026-03-14,DET,2,DAL,3
2026-03-14,LAK,4,NJD,6
2026-03-14,NYR,4,MIN,2
2026-03-14,PIT,4,UTA,3
2026-03-14,SEA,5,VAN,2
2026-03-14,SJS,4,MTL,2
2026-03-14,TOR,2,BUF,3
2026-03-15,ANA,4,MTL,3
2026-03-15,FLA,2,SEA,6
2026-03-15,NSH,1,EDM,3
2026-03-15,SJS,4,OTT,7
2026-03-15,STL,2,WPG,3
2026-03-15,TOR,4,MIN,2
2026-03-16,BOS,3,NJD,4
2026-03-16,CGY,2,DET,5
2026-03-16,LAK,4,NYR,1
2026-03-16,PIT,7,COL,2
2026-03-16,UTA,6,DAL,3
2026-03-17,BOS,2,MTL,3
2026-03-17,BUF,2,VGK,0
2026-03-17,CAR,1,CBJ,5
2026-03-17,FLA,2,VAN,5
2026-03-17,MIN,4,CHI,3
2026-03-17,NSH,4,WPG,3
2026-03-17,NYI,3,TOR,1
2026-03-17,SJS,3,EDM,5
2026-03-17,TBL,6,SEA,2
2026-03-18,DAL,2,COL,1
2026-03-18,NJD,6,NYR,3
2026-03-18,OTT,1,WSH,4
2026-03-18,PHI,3,ANA,2
2026-03-18,PIT,5,CAR,6
2026-03-18,STL,1,CGY,2
2026-03-19,BUF,5,SJS,0
2026-03-19,CHI,2,MIN,1
2026-03-19,FLA,4,EDM,0
2026-03-19,MTL,1,DET,3
2026-03-19,NYI,2,OTT,3
2026-03-19,NYR,3,CBJ,6
2026-03-19,PHI,4,LAK,3
2026-03-19,SEA,1,NSH,3
2026-03-19,TBL,6,VAN,2
2026-03-19,UTA,4,VGK,0
2026-03-19,WPG,1,BOS,6
2026-03-20,ANA,4,UTA,1
2026-03-20,CAR,4,TOR,3
2026-03-20,COL,4,CHI,1
2026-03-20,FLA,1,CGY,4
2026-03-20,NJD,1,WSH,2
2026-03-21,BOS,4,DET,2
2026-03-21,BUF,4,LAK,1
2026-03-21,DAL,1,MIN,2
2026-03-21,NYI,3,MTL,7
2026-03-21,PHI,4,SJS,1
2026-03-21,SEA,2,CBJ,5
2026-03-21,STL,3,VAN,1
2026-03-21,TBL,5,EDM,2
2026-03-21,TOR,2,OTT,5
2026-03-21,VGK,1,NSH,4
2026-03-21,WPG,4,PIT,5
2026-03-22,BUF,5,ANA,6
2026-03-22,CAR,5,PIT,1
2026-03-22,CBJ,0,NYI,1
2026-03-22,COL,3,WSH,2
2026-03-22,LAK,3,UTA,4
2026-03-22,NSH,3,CHI,2
2026-03-22,TBL,3,CGY,4
2026-03-22,VGK,3,DAL,2
2026-03-22,WPG,3,NYR,2
2026-03-23,OTT,2,NYR,1
2026-03-24,ANA,5,VAN,3
2026-03-24,CAR,2,MTL,5
2026-03-24,CBJ,3,PHI,2
2026-03-24,CHI,4,NYI,3
2026-03-24,COL,6,PIT,2
2026-03-24,EDM,5,UTA,2
2026-03-24,LAK,2,CGY,3
2026-03-24,MIN,3,TBL,6
2026-03-24,NJD,6,DAL,4
2026-03-24,OTT,3,DET,2
2026-03-24,SEA,4,FLA,5
2026-03-24,SJS,3,NSH,6
2026-03-24,TOR,4,BOS,2
2026-03-24,VGK,1,WPG,4
2026-03-24,WSH,0,STL,3
2026-03-25,BOS,4,BUF,3
2026-03-25,NYR,3,TOR,4
2026-03-26,ANA,3,CGY,2
2026-03-26,CBJ,1,MTL,2
2026-03-26,CHI,1,PHI,5
2026-03-26,COL,3,WPG,2
2026-03-26,DAL,1,NYI,2
2026-03-26,EDM,4,VGK,3
2026-03-26,LAK,4,VAN,0
2026-03-26,MIN,3,FLA,2
2026-03-26,NJD,4,NSH,2
2026-03-26,PIT,4,OTT,3
2026-03-26,SEA,4,TBL,3
2026-03-26,SJS,1,STL,2
2026-03-26,WSH,7,UTA,4
2026-03-27,CHI,1,NYR,6
2026-03-27,DET,5,BUF,2
2026-03-28,ANA,2,EDM,4
2026-03-28,DAL,6,PIT,3
2026-03-28,FLA,2,NYI,5
2026-03-28,MIN,3,BOS,6
2026-03-28,MTL,4,NSH,1
2026-03-28,NJD,2,CAR,5
2026-03-28,OTT,2,TBL,4
2026-03-28,PHI,5,DET,3
2026-03-28,SEA,2,BUF,3
2026-03-28,SJS,3,CBJ,2
2026-03-28,TOR,1,STL,5
2026-03-28,UTA,6,LAK,2
2026-03-28,VAN,3,CGY,7
2026-03-28,WPG,4,COL,2
2026-03-28,WSH,5,VGK,4
2026-03-29,BOS,4,CBJ,3
2026-03-29,CHI,3,NJD,5
2026-03-29,DAL,1,PHI,2
2026-03-29,FLA,1,NYR,3
2026-03-29,MTL,3,CAR,1
2026-03-29,NSH,2,TBL,3
2026-03-30,CGY,2,COL,9
2026-03-30,PIT,8,NYI,3
2026-03-30,STL,4,SJS,5
2026-03-30,TOR,5,ANA,4
2026-03-30,VAN,2,VGK,4
2026-03-31,CAR,5,CBJ,2
2026-03-31,DAL,3,BOS,6
2026-03-31,DET,1,PIT,5
2026-03-31,MTL,4,TBL,1
2026-03-31,NJD,1,NYR,4
2026-03-31,NYI,3,BUF,4
2026-03-31,OTT,3,FLA,6
2026-03-31,PHI,4,WSH,6
2026-03-31,SEA,0,EDM,3
2026-03-31,WPG,4,CHI,3
2026-04-01,ANA,3,SJS,4
2026-04-01,STL,1,LAK,2
2026-04-01,VAN,8,COL,6
2026-04-02,BOS,1,FLA,2
2026-04-02,BUF,1,OTT,4
2026-04-02,CBJ,1,CAR,5
2026-04-02,CGY,3,VGK,6
2026-04-02,CHI,1,EDM,3
2026-04-02,DET,4,PHI,2
2026-04-02,MTL,3,NYR,2
2026-04-02,NSH,5,LAK,4
2026-04-02,PIT,3,TBL,6
2026-04-02,TOR,1,SJS,4
2026-04-02,UTA,6,SEA,2
2026-04-02,VAN,2,MIN,5
2026-04-02,WPG,0,DAL,3
2026-04-02,WSH,3,NJD,7
2026-04-03,PHI,4,NYI,1
2026-04-03,STL,6,ANA,2
2026-04-04,BOS,1,TBL,3
2026-04-04,BUF,2,WSH,6
2026-04-04,CGY,5,ANA,3
2026-04-04,CHI,4,SEA,2
2026-04-04,COL,2,DAL,0
2026-04-04,DET,1,NYR,4
2026-04-04,FLA,4,PIT,9
2026-04-04,MIN,4,OTT,1
2026-04-04,MTL,4,NJD,3
2026-04-04,NSH,6,SJS,3
2026-04-04,NYI,3,CAR,4
2026-04-04,TOR,6,LAK,7
2026-04-04,UTA,7,VAN,4
2026-04-04,VGK,5,EDM,1
2026-04-04,WPG,2,CBJ,1
2026-04-05,BOS,1,PHI,2
2026-04-05,CAR,3,OTT,6
2026-04-05,FLA,2,PIT,5
2026-04-05,MIN,5,DET,4
2026-04-05,NJD,3,MTL,0
2026-04-05,STL,3,COL,2
2026-04-05,WSH,1,NYR,8
2026-04-06,CHI,2,SJS,3
2026-04-06,NSH,2,LAK,3
2026-04-06,SEA,2,WPG,6
2026-04-06,TBL,2,BUF,4
2026-04-07,BOS,5,CAR,6
2026-04-07,CBJ,4,DET,3
2026-04-07,CGY,3,DAL,4
2026-04-07,COL,3,STL,1
2026-04-07,EDM,5,UTA,6
2026-04-07,FLA,3,MTL,4
2026-04-07,NSH,5,ANA,0
2026-04-07,PHI,5,NJD,1
2026-04-07,SEA,2,MIN,5
2026-04-07,TBL,2,OTT,6
2026-04-07,VGK,2,VAN,1
2026-04-08,BUF,5,NYR,3
2026-04-08,EDM,5,SJS,2
2026-04-08,WSH,4,TOR,0
2026-04-09,CAR,7,CHI,2
2026-04-09,CBJ,0,BUF,5
2026-04-09,CGY,1,COL,3
2026-04-09,FLA,1,OTT,5
2026-04-09,MIN,4,DAL,5
2026-04-09,NSH,1,UTA,4
2026-04-09,PHI,3,DET,6
2026-04-09,PIT,5,NJD,2
2026-04-09,SJS,1,ANA,6
2026-04-09,TBL,1,MTL,2
2026-04-09,TOR,3,NYI,5
2026-04-09,VAN,1,LAK,4
2026-04-09,VGK,3,SEA,4
2026-04-09,WPG,3,STL,2
2026-04-11,CAR,4,UTA,1
2026-04-11,CBJ,5,MTL,2
2026-04-11,CGY,1,SEA,4
2026-04-11,EDM,0,LAK,1
2026-04-11,FLA,6,TOR,2
2026-04-11,MIN,1,NSH,2
2026-04-11,NJD,5,DET,3
2026-04-11,NYR,0,DAL,2
2026-04-11,OTT,3,NYI,0
2026-04-11,PHI,7,WPG,1
2026-04-11,STL,5,CHI,3
2026-04-11,TBL,2,BOS,1
2026-04-11,VAN,4,SJS,3
2026-04-11,VGK,3,COL,2
2026-04-11,WSH,6,PIT,3
2026-04-12,BOS,3,CBJ,2
2026-04-12,MTL,4,NYI,1
2026-04-12,OTT,3,NJD,4
2026-04-12,PIT,0,WSH,3
2026-04-12,UTA,1,CGY,4
2026-04-12,VAN,4,ANA,3
2026-04-13,BUF,,CHI,
2026-04-13,CAR,,PHI,
2026-04-13,COL,,EDM,
2026-04-13,DAL,,TOR,
2026-04-13,DET,,TBL,
2026-04-13,LAK,,SEA,
2026-04-13,MIN,,STL,
2026-04-13,NYR,,FLA,
2026-04-13,SJS,,NSH,
2026-04-13,WPG,,VGK,
2026-04-14,ANA,,MIN,
2026-04-14,CAR,,NYI,
2026-04-14,COL,,CGY,
2026-04-14,LAK,,VAN,
2026-04-14,MTL,,PHI,
2026-04-14,NJD,,BOS,
2026-04-14,PIT,,STL,
2026-04-14,WPG,,UTA,
2026-04-14,WSH,,CBJ,
2026-04-15,DAL,,BUF,
2026-04-15,DET,,FLA,
2026-04-15,NYR,,TBL,
2026-04-15,SEA,,VGK,
2026-04-15,SJS,,CHI,
2026-04-15,TOR,,OTT,
2026-04-16,ANA,,NSH,
2026-04-16,LAK,,CGY,
2026-04-16,SEA,,COL,
2026-04-16,SJS,,WPG,
2026-04-16,STL,,UTA,
2026-04-16,VAN,,EDM,
