,AvAge,GP,W,L,OL,PTS,PTS%,GF,GA,SOW,SOL,SRS,SOS,GF/G,GA/G,PP,PPO,PP%,PPA,PPOA,PK%,SH,SHA,PIM/G,oPIM/G,S,S%,SA,SV%,SO,S%,SV%,PDO,CF,CA,CF%,FF,FA,FF%,xGF,xGA,aGF,aGA,axDiff,SCF,SCA,SCF%,HDF,HDA,HDF%,HDGF,HDC%,HDGA,HDCO%
Colorado Avalanche,30.4,45,33,4,8,74,0.822,181,99,1,4,1.72,-0.04,4.02,2.2,26,154,16.88,18,127,85.83,1,6,7.1,8.9,1546,11.7,1215,0.919,5,9.9,0.934,103.2,2514,1940,56.4,1776,1446,55.1,118.3,87.1,131,66,34,1185,920,56.3,417,329,55.9,49,10.5,25,7.1
Dallas Stars,28.6,47,27,11,9,63,0.67,158,130,3,3,0.52,-0.07,3.36,2.77,39,137,28.47,31,151,79.47,3,4,8.7,7.8,1187,13.3,1311,0.901,3,10.1,0.925,102.6,1793,2094,46.1,1280,1517,45.8,97.4,90.5,99,80,12,911,947,49,326,360,47.5,36,9.9,31,7.9
Tampa Bay Lightning,29.5,45,29,13,3,61,0.678,158,115,2,1,0.99,0.01,3.51,2.56,29,144,20.14,24,147,83.67,3,3,14.2,13.8,1230,12.8,1190,0.903,1,10.5,0.924,102.9,2045,1786,53.4,1448,1344,51.9,99.6,89.2,107,73,24,1028,860,54.4,411,289,58.7,38,8.5,28,8.8
Minnesota Wild,28.8,47,26,12,9,61,0.649,145,127,3,3,0.34,-0.05,3.09,2.7,35,154,22.73,25,112,77.68,3,2,6.6,8.9,1343,10.8,1395,0.909,7,8.1,0.932,101.3,2172,2359,47.9,1574,1718,47.8,97.7,99.3,90,80,12,1048,1107,48.6,358,349,50.6,31,8,25,6.7
Carolina Hurricanes,29,47,28,15,4,60,0.638,154,140,4,2,0.36,0.02,3.28,2.98,28,143,19.58,28,132,78.79,6,3,7.8,8.2,1518,10.1,1143,0.878,2,7.8,0.906,98.4,2679,1760,60.4,1903,1333,58.8,113.6,91.5,100,91,-13,1210,936,56.4,432,326,57,35,7.5,31,8.7
Detroit Red Wings,28.6,48,28,16,4,60,0.625,147,146,2,2,-0.03,-0.05,3.06,3.04,37,152,24.34,26,129,79.84,1,5,8.1,9.8,1348,10.9,1354,0.892,3,7.8,0.917,99.5,2189,2285,48.9,1584,1634,49.2,98.3,102,88,96,-4,1018,1115,47.7,354,387,47.8,26,6.8,38,8.9
Montreal Canadiens,26,47,26,14,7,59,0.628,157,150,2,4,0.09,-0.02,3.34,3.19,30,134,22.39,31,153,79.74,4,2,10.7,9.9,1230,12.8,1278,0.883,1,10,0.905,100.5,2020,2060,49.5,1447,1454,49.9,94.8,92.4,103,99,2,979,997,49.5,316,369,46.1,28,8.1,39,9.6
Vegas Golden Knights,29.1,45,22,11,12,56,0.622,146,133,1,5,0.15,-0.05,3.24,2.96,36,136,26.47,19,107,82.24,1,4,7.1,7.7,1298,11.2,1109,0.88,2,8.6,0.901,98.7,2121,1990,51.6,1508,1411,51.7,97.4,80.3,94,93,-16,950,957,49.8,349,334,51.1,42,10.7,37,10
New York Islanders,29.3,46,25,16,5,55,0.598,134,125,4,5,0.27,0.1,2.91,2.72,21,138,15.22,24,129,81.4,6,5,8.6,8.4,1283,10.4,1304,0.904,6,8.4,0.926,101,2001,2097,48.8,1458,1530,48.8,88.7,101.5,87,79,21,917,1046,46.7,321,427,42.9,25,7.2,30,6.6
Boston Bruins,28.3,47,26,19,2,54,0.574,153,145,2,1,0.2,0,3.26,3.09,34,140,24.29,36,175,79.43,1,5,13.7,11.4,1294,11.8,1399,0.896,2,9.1,0.92,101.1,2169,2203,49.6,1542,1587,49.3,92.2,102.4,100,90,20,983,1063,48,339,440,43.5,33,8.9,30,6.4
Washington Capitals,29.4,47,24,17,6,54,0.574,153,130,0,5,0.37,-0.01,3.26,2.77,21,137,15.33,34,150,77.33,1,6,9.3,8.5,1384,11.1,1322,0.902,3,9.4,0.926,102,2260,2083,52,1626,1516,51.8,110.6,95.4,110,79,16,1068,1023,51.1,396,371,51.6,38,8.8,32,7.9
Edmonton Oilers,29.5,47,23,16,8,54,0.574,159,154,0,3,-0.01,-0.05,3.38,3.28,44,130,33.85,26,132,80.3,4,3,9.7,10.5,1367,11.6,1283,0.88,2,8.2,0.899,98.1,2155,2110,50.5,1571,1545,50.4,103.1,101,95,110,-17,1031,1057,49.4,367,346,51.5,28,7.1,47,12
Buffalo Sabres,26.5,45,25,16,4,54,0.6,145,140,3,0,0.15,-0.03,3.22,3.11,25,135,18.52,19,123,84.55,6,2,8.9,8.8,1259,11.5,1332,0.895,1,9.1,0.913,100.4,2038,2100,49.3,1497,1560,49,96.2,97.7,99,96,5,936,1005,48.2,346,335,50.8,31,8.2,37,9.9
Toronto Maple Leafs,29.4,46,23,16,7,53,0.576,153,148,0,1,0.08,-0.01,3.33,3.22,19,115,16.52,18,121,85.12,3,4,7.8,7.8,1233,12.4,1443,0.897,3,10.1,0.909,101,1955,2291,46,1455,1710,46,92.2,103.6,107,111,7,928,1084,46.1,317,360,46.8,39,11,32,8.2
Philadelphia Flyers,27.4,45,22,15,8,52,0.578,130,134,5,3,-0.05,-0.01,2.89,2.98,20,129,15.5,29,140,79.29,2,4,10.8,10.4,1165,11.2,1135,0.882,0,9.3,0.907,100.1,1839,1934,48.7,1328,1388,48.9,87.1,79.6,90,87,-5,907,920,49.6,296,316,48.4,29,8.9,19,5.7
Pittsburgh Penguins,30.2,45,21,14,10,52,0.578,140,131,1,6,0.03,-0.06,3.11,2.91,34,122,27.87,23,133,82.71,1,5,8,8.2,1297,10.8,1242,0.895,3,7.9,0.916,99.5,2153,2057,51.1,1548,1489,51,103.3,99.4,86,89,-7,1018,1029,49.7,366,380,49.1,33,8.3,29,7.1
Florida Panthers,30.5,45,24,18,3,51,0.567,137,144,2,1,-0.04,0.09,3.04,3.2,31,165,18.79,25,154,83.77,4,4,10.5,12.5,1313,10.4,1173,0.877,3,8.6,0.903,98.9,2078,1854,52.8,1496,1413,51.4,94.7,88.4,90,96,-12,1002,866,53.6,365,308,54.2,42,10.3,36,10.5
Seattle Kraken,28.9,45,21,15,9,51,0.567,124,127,1,4,-0.21,-0.07,2.76,2.82,29,127,22.83,35,121,71.07,1,3,7.5,7.7,1155,10.7,1327,0.904,2,7.9,0.935,101.4,1933,2269,46,1378,1654,45.4,83.4,97.4,76,74,16,852,1025,45.4,268,379,41.4,31,10.4,24,6
New Jersey Devils,29.7,47,24,21,2,50,0.532,123,145,3,0,-0.27,0.14,2.62,3.09,24,116,20.69,28,120,76.67,4,0,7.1,6.9,1400,8.8,1328,0.891,1,6.7,0.909,97.6,2301,2153,51.7,1632,1580,50.8,99.3,104.8,78,105,-22,1043,1058,49.6,391,401,49.4,21,5.1,41,9.3
Utah Mammoth,28.5,47,23,20,4,50,0.532,145,131,0,0,0.27,-0.03,3.09,2.79,21,136,15.44,26,138,81.16,3,0,8.7,8.9,1338,10.8,1198,0.891,1,9.1,0.905,99.6,2284,1917,54.4,1628,1376,54.2,109.5,86,106,94,-12,1095,924,54.2,382,343,52.7,40,9.5,37,9.7
Los Angeles Kings,31,46,19,16,11,49,0.533,119,126,3,5,-0.14,0.06,2.59,2.74,22,136,16.18,36,153,76.47,7,5,8,7.4,1290,9.2,1230,0.898,3,7.1,0.927,99.7,2272,1953,53.8,1570,1410,52.7,93.8,84.1,76,72,-6,978,896,52.2,370,317,53.9,34,8.4,22,6.5
San Jose Sharks,27.3,45,23,19,3,49,0.544,141,161,2,1,-0.33,0.09,3.13,3.58,33,158,20.89,32,143,77.62,2,6,8.2,8.6,1140,12.4,1394,0.885,0,9.6,0.908,100.4,1763,2155,45,1219,1585,43.5,87.8,105.9,87,108,-3,848,1014,45.5,318,361,46.8,35,9.9,33,8.4
Ottawa Senators,28.5,46,22,19,5,49,0.533,148,153,3,0,-0.06,-0.02,3.22,3.33,35,154,22.73,37,134,72.39,3,4,10.3,10.5,1311,11.3,1159,0.868,1,9.2,0.898,99,2114,1828,53.6,1524,1307,53.8,97.2,83.8,100,101,-14,1008,835,54.7,354,291,54.9,34,8.8,40,12.1
Nashville Predators,29.6,46,22,20,4,48,0.522,126,151,3,0,-0.46,0.02,2.74,3.28,27,139,19.42,29,143,79.72,3,0,8.8,9.1,1289,9.8,1309,0.885,0,7.6,0.91,98.6,2137,1910,52.8,1497,1463,50.6,99,101.6,80,96,-13,986,956,50.8,354,319,52.6,35,9,38,10.6
Columbus Blue Jackets,27.5,46,20,19,7,47,0.511,136,155,4,1,-0.29,0.06,2.96,3.37,22,116,18.97,33,130,74.62,3,2,8.2,7.8,1406,9.7,1423,0.891,0,8.2,0.917,99.9,2318,2219,51.1,1646,1666,49.7,104.7,113,98,100,6,1099,1037,51.5,403,364,52.5,38,8.6,24,6.2
Anaheim Ducks,27.3,46,22,21,3,47,0.511,149,169,4,0,-0.3,0.05,3.24,3.67,24,143,16.78,34,152,77.63,6,1,10.3,9.4,1403,10.6,1332,0.873,0,8.5,0.898,98.3,2369,2110,52.9,1702,1552,52.3,101.1,105.8,99,115,-11,1104,1048,51.3,435,360,54.7,36,7.6,37,9.3
New York Rangers,29.4,48,20,22,6,46,0.479,124,147,2,0,-0.36,0.08,2.58,3.06,26,116,22.41,28,138,79.71,3,7,7.6,6.8,1236,10,1370,0.893,2,7.8,0.922,100,2212,2233,49.8,1526,1624,48.4,90.8,96.7,80,89,-3,1027,1020,50.2,352,322,52.2,26,6.9,29,8.3
Chicago Blackhawks,26.4,46,19,20,7,45,0.489,128,143,2,3,-0.41,-0.07,2.78,3.11,30,131,22.9,22,149,85.23,3,2,10.2,8.9,1163,11,1375,0.896,3,8.5,0.91,99.6,1964,2105,48.3,1447,1657,46.6,80.3,108.8,86,107,8,888,1018,46.6,329,362,47.6,32,8.9,35,8.8
St. Louis Blues,28.7,47,18,21,8,44,0.468,117,159,0,2,-0.96,-0.02,2.49,3.38,21,123,17.07,28,122,77.05,5,2,7.6,7.8,1165,10,1327,0.88,5,8.3,0.904,98.7,1959,2170,47.4,1424,1575,47.5,90.5,100.1,85,111,-16,944,989,48.8,332,382,46.5,30,8.3,43,10.1
Calgary Flames,28.4,46,19,23,4,42,0.457,117,138,2,2,-0.55,-0.09,2.54,3,22,143,15.38,25,139,82.01,6,2,12.9,12.2,1353,8.6,1341,0.897,2,6.8,0.91,97.8,2208,2065,51.7,1550,1505,50.7,99.7,104.1,78,99,-17,978,1011,49.2,362,381,48.7,25,6.5,37,8.9
Winnipeg Jets,31,45,18,22,5,41,0.456,134,141,1,1,-0.15,0,2.98,3.13,24,126,19.05,31,140,77.86,5,2,9.4,8.3,1184,11.3,1252,0.887,0,9.7,0.915,101.1,1933,2046,48.6,1395,1517,47.9,86.8,95.8,96,93,12,898,1006,47.2,310,375,45.3,31,9.1,35,8.5
Vancouver Canucks,28.4,46,16,25,5,37,0.402,121,165,4,1,-0.88,0.01,2.63,3.59,30,153,19.61,39,145,73.1,5,6,8.6,9.2,1229,9.8,1364,0.879,1,7.9,0.914,99.3,2045,2110,49.2,1479,1592,48.2,87.6,107.4,77,99,-2,952,1050,47.6,339,392,46.4,26,7.1,36,8.4
