Date,Time,Visitor,G,Home,G,,Att.,LOG,Notes
10/7/2025,5:00 PM,Chicago Blackhawks,2,Florida Panthers,3,,"19,655",2:34,
10/7/2025,10:30 PM,Colorado Avalanche,4,Los Angeles Kings,1,,"18,145",2:37,
10/7/2025,8:00 PM,Pittsburgh Penguins,3,New York Rangers,0,,"18,006",2:16,
10/8/2025,10:00 PM,Calgary Flames,4,Edmonton Oilers,3,SO,"18,347",2:55,
10/8/2025,7:00 PM,Montreal Canadiens,2,Toronto Maple Leafs,5,,"19,037",2:25,
10/8/2025,10:00 PM,Los Angeles Kings,6,Vegas Golden Knights,5,SO,"18,393",2:45,
10/8/2025,7:30 PM,Boston Bruins,3,Washington Capitals,1,,"18,347",2:35,
10/9/2025,7:00 PM,Chicago Blackhawks,3,Boston Bruins,4,OT,"17,850",2:45,
10/9/2025,7:00 PM,New York Rangers,4,Buffalo Sabres,0,,"19,070",2:29,
10/9/2025,7:30 PM,New Jersey Devils,3,Carolina Hurricanes,6,,"18,404",2:30,
10/9/2025,9:00 PM,Utah Mammoth,1,Colorado Avalanche,2,,"18,087",2:34,
10/9/2025,7:00 PM,Montreal Canadiens,5,Detroit Red Wings,1,,"19,515",2:18,
10/9/2025,7:00 PM,Philadelphia Flyers,1,Florida Panthers,2,,"19,431",2:30,
10/9/2025,8:00 PM,Columbus Blue Jackets,1,Nashville Predators,2,,"17,244",2:35,
10/9/2025,7:00 PM,New York Islanders,3,Pittsburgh Penguins,4,,"16,107",2:37,
10/9/2025,10:00 PM,Anaheim Ducks,1,Seattle Kraken,3,,"17,151",2:36,
10/9/2025,10:00 PM,Vegas Golden Knights,4,San Jose Sharks,3,OT,"17,435",2:37,
10/9/2025,8:00 PM,Minnesota Wild,5,St. Louis Blues,0,,"18,096",2:25,
10/9/2025,7:00 PM,Ottawa Senators,5,Tampa Bay Lightning,4,,"19,092",2:39,
10/9/2025,10:00 PM,Calgary Flames,1,Vancouver Canucks,5,,"19,012",2:33,
10/9/2025,8:00 PM,Dallas Stars,5,Winnipeg Jets,4,,"15,225",2:37,
10/11/2025,7:00 PM,Buffalo Sabres,1,Boston Bruins,3,,"17,850",2:31,
10/11/2025,7:00 PM,Philadelphia Flyers,3,Carolina Hurricanes,4,OT,"18,357",2:46,
10/11/2025,4:00 PM,St. Louis Blues,4,Calgary Flames,2,,"17,774",2:36,
10/11/2025,7:00 PM,Montreal Canadiens,3,Chicago Blackhawks,2,,"19,344",2:37,
10/11/2025,9:00 PM,Dallas Stars,5,Colorado Avalanche,4,SO,"18,129",2:41,
10/11/2025,7:00 PM,Toronto Maple Leafs,3,Detroit Red Wings,6,,"19,515",2:24,
10/11/2025,10:00 PM,Vancouver Canucks,1,Edmonton Oilers,3,,"18,347",2:33,
10/11/2025,7:00 PM,Ottawa Senators,2,Florida Panthers,6,,"19,704",2:32,
10/11/2025,8:00 PM,Columbus Blue Jackets,7,Minnesota Wild,4,,"18,836",2:41,
10/11/2025,8:00 PM,Utah Mammoth,3,Nashville Predators,2,OT,"17,177",2:43,
10/11/2025,7:00 PM,Washington Capitals,4,New York Islanders,2,,"17,255",2:44,
10/11/2025,7:00 PM,New York Rangers,6,Pittsburgh Penguins,1,,"16,716",2:26,
10/11/2025,10:00 PM,Vegas Golden Knights,1,Seattle Kraken,2,OT,"17,151",2:41,
10/11/2025,10:00 PM,Anaheim Ducks,7,San Jose Sharks,6,OT,"17,435",2:34,
10/11/2025,7:00 PM,New Jersey Devils,5,Tampa Bay Lightning,3,,"19,092",2:33,
10/11/2025,1:30 PM,Los Angeles Kings,2,Winnipeg Jets,3,,"14,204",2:35,
10/12/2025,7:00 PM,Washington Capitals,1,New York Rangers,0,,"17,479",2:26,
10/13/2025,1:00 PM,Tampa Bay Lightning,4,Boston Bruins,3,,"17,850",2:37,
10/13/2025,12:30 PM,Colorado Avalanche,3,Buffalo Sabres,1,,"16,462",2:30,
10/13/2025,7:00 PM,New Jersey Devils,3,Columbus Blue Jackets,2,,"18,627",2:30,
10/13/2025,8:30 PM,Utah Mammoth,1,Chicago Blackhawks,3,,"15,203",2:27,
10/13/2025,8:00 PM,Los Angeles Kings,3,Minnesota Wild,4,SO,"17,102",2:52,
10/13/2025,1:00 PM,Winnipeg Jets,5,New York Islanders,2,,"13,287",2:26,
10/13/2025,1:00 PM,Nashville Predators,4,Ottawa Senators,1,,"18,500",2:49,
10/13/2025,7:00 PM,Florida Panthers,2,Philadelphia Flyers,5,,"19,421",2:27,
10/13/2025,2:00 PM,Detroit Red Wings,3,Toronto Maple Leafs,2,,"18,877",2:29,
10/13/2025,7:30 PM,St. Louis Blues,5,Vancouver Canucks,2,,"18,952",2:19,
10/14/2025,10:30 PM,Pittsburgh Penguins,3,Anaheim Ducks,4,,"17,622",2:30,
10/14/2025,9:00 PM,Vegas Golden Knights,4,Calgary Flames,2,,"16,553",2:36,
10/14/2025,9:30 PM,Minnesota Wild,2,Dallas Stars,5,,"18,532",2:32,
10/14/2025,7:00 PM,Seattle Kraken,4,Montreal Canadiens,5,OT,"20,962",2:39,
10/14/2025,7:00 PM,Edmonton Oilers,2,New York Rangers,0,,"16,497",2:19,
10/14/2025,10:00 PM,Carolina Hurricanes,5,San Jose Sharks,1,,"12,786",2:28,
10/14/2025,7:00 PM,Nashville Predators,4,Toronto Maple Leafs,7,,"18,124",2:31,
10/14/2025,7:00 PM,Tampa Bay Lightning,2,Washington Capitals,3,OT,"16,948",2:41,
10/15/2025,7:00 PM,Ottawa Senators,4,Buffalo Sabres,8,,"13,993",2:33,
10/15/2025,7:00 PM,Florida Panthers,1,Detroit Red Wings,4,,"18,655",2:31,
10/15/2025,9:30 PM,Chicago Blackhawks,8,St. Louis Blues,3,,"17,249",2:26,
10/15/2025,9:30 PM,Calgary Flames,1,Utah Mammoth,3,,"12,478",2:34,
10/16/2025,10:00 PM,Carolina Hurricanes,4,Anaheim Ducks,1,,"16,145",2:28,
10/16/2025,7:00 PM,Colorado Avalanche,4,Columbus Blue Jackets,1,,"17,249",2:27,
10/16/2025,8:00 PM,Vancouver Canucks,5,Dallas Stars,3,,"18,532",2:26,
10/16/2025,10:00 PM,Pittsburgh Penguins,4,Los Angeles Kings,2,,"14,737",2:20,
10/16/2025,7:00 PM,Nashville Predators,2,Montreal Canadiens,3,OT,"20,962",2:30,
10/16/2025,7:00 PM,Florida Panthers,1,New Jersey Devils,3,,"16,514",2:26,
10/16/2025,7:30 PM,Edmonton Oilers,2,New York Islanders,4,,"14,837",2:31,
10/16/2025,7:00 PM,Seattle Kraken,3,Ottawa Senators,4,SO,"15,736",2:38,
10/16/2025,7:00 PM,Winnipeg Jets,5,Philadelphia Flyers,2,,"16,170",2:17,
10/16/2025,7:00 PM,New York Rangers,1,Toronto Maple Leafs,2,OT,"18,267",2:28,
10/16/2025,10:00 PM,Boston Bruins,5,Vegas Golden Knights,6,,"17,927",2:48,
10/17/2025,8:30 PM,Vancouver Canucks,3,Chicago Blackhawks,2,SO,"18,306",2:54,
10/17/2025,7:00 PM,Tampa Bay Lightning,1,Detroit Red Wings,2,OT,"19,515",2:36,
10/17/2025,9:00 PM,San Jose Sharks,3,Utah Mammoth,6,,"12,478",2:23,
10/17/2025,7:00 PM,Minnesota Wild,1,Washington Capitals,5,,"17,482",2:32,
10/18/2025,1:00 PM,Florida Panthers,0,Buffalo Sabres,3,,"16,015",2:36,
10/18/2025,7:00 PM,Tampa Bay Lightning,2,Columbus Blue Jackets,3,,"15,822",2:42,
10/18/2025,9:00 PM,Boston Bruins,1,Colorado Avalanche,4,,"18,131",2:37,
10/18/2025,9:00 PM,Carolina Hurricanes,4,Los Angeles Kings,3,OT,"18,145",2:43,
10/18/2025,7:00 PM,New York Rangers,4,Montreal Canadiens,3,,"20,962",2:33,
10/18/2025,3:30 PM,Edmonton Oilers,3,New Jersey Devils,5,,"16,514",2:23,
10/18/2025,3:00 PM,New York Islanders,5,Ottawa Senators,4,,"15,929",2:28,
10/18/2025,7:00 PM,Minnesota Wild,1,Philadelphia Flyers,2,OT,"17,011",2:37,
10/18/2025,10:00 PM,Pittsburgh Penguins,3,San Jose Sharks,0,,"17,435",2:15,
10/18/2025,7:00 PM,Dallas Stars,1,St. Louis Blues,3,,"18,096",2:24,
10/18/2025,7:00 PM,Seattle Kraken,4,Toronto Maple Leafs,3,OT,"18,589",2:37,
10/18/2025,10:00 PM,Calgary Flames,1,Vegas Golden Knights,6,,"17,811",2:29,
10/18/2025,7:00 PM,Nashville Predators,1,Winnipeg Jets,4,,"14,309",2:26,
10/19/2025,7:00 PM,Anaheim Ducks,1,Chicago Blackhawks,2,OT,"16,262",2:27,
10/19/2025,3:00 PM,Edmonton Oilers,2,Detroit Red Wings,4,,"19,515",2:10,
10/19/2025,7:00 PM,Boston Bruins,2,Utah Mammoth,3,,"12,478",2:33,
10/19/2025,12:30 PM,Vancouver Canucks,4,Washington Capitals,3,,"17,018",2:36,
10/20/2025,9:30 PM,Winnipeg Jets,2,Calgary Flames,1,,"16,800",2:29,
10/20/2025,7:30 PM,Buffalo Sabres,2,Montreal Canadiens,4,,"20,962",2:32,
10/20/2025,7:00 PM,Minnesota Wild,3,New York Rangers,1,,"18,006",2:33,
10/20/2025,7:00 PM,Seattle Kraken,2,Philadelphia Flyers,5,,"16,099",2:35,
10/20/2025,10:00 PM,Carolina Hurricanes,1,Vegas Golden Knights,4,,"17,682",2:33,
10/21/2025,7:30 PM,Florida Panthers,4,Boston Bruins,3,,"17,850",2:43,
10/21/2025,8:00 PM,Columbus Blue Jackets,5,Dallas Stars,1,,"18,532",2:24,
10/21/2025,8:00 PM,Anaheim Ducks,5,Nashville Predators,2,,"17,159",2:32,
10/21/2025,7:00 PM,San Jose Sharks,3,New York Islanders,4,,"15,832",2:36,
10/21/2025,7:00 PM,Edmonton Oilers,3,Ottawa Senators,2,OT,"17,436",2:26,
10/21/2025,7:00 PM,Vancouver Canucks,1,Pittsburgh Penguins,5,,"13,685",2:26,
10/21/2025,8:00 PM,Los Angeles Kings,2,St. Louis Blues,1,OT,"16,710",2:34,
10/21/2025,7:00 PM,New Jersey Devils,5,Toronto Maple Leafs,2,,"18,306",2:29,
10/21/2025,10:00 PM,Colorado Avalanche,3,Utah Mammoth,4,OT,"12,478",2:41,
10/21/2025,7:00 PM,Seattle Kraken,1,Washington Capitals,4,,"16,578",2:26,
10/22/2025,7:30 PM,Detroit Red Wings,2,Buffalo Sabres,4,,"15,104",2:33,
10/22/2025,8:30 PM,Montreal Canadiens,2,Calgary Flames,1,OT,"17,826",2:39,
10/22/2025,7:00 PM,Minnesota Wild,1,New Jersey Devils,4,,"16,434",2:29,
10/23/2025,7:00 PM,Anaheim Ducks,7,Boston Bruins,5,,"17,850",2:39,
10/23/2025,9:00 PM,Carolina Hurricanes,5,Colorado Avalanche,4,SO,"18,092",2:56,
10/23/2025,9:00 PM,Los Angeles Kings,3,Dallas Stars,2,OT,"18,532",2:42,
10/23/2025,9:00 PM,Montreal Canadiens,5,Edmonton Oilers,6,,"18,347",2:31,
10/23/2025,7:00 PM,Pittsburgh Penguins,5,Florida Panthers,3,,"19,373",2:39,
10/23/2025,8:00 PM,Vancouver Canucks,1,Nashville Predators,2,,"17,159",2:24,
10/23/2025,7:00 PM,Detroit Red Wings,2,New York Islanders,7,,"14,495",2:27,
10/23/2025,7:00 PM,San Jose Sharks,6,New York Rangers,5,OT,"18,006",2:37,
10/23/2025,7:00 PM,Philadelphia Flyers,1,Ottawa Senators,2,,"16,380",2:23,
10/23/2025,8:00 PM,Utah Mammoth,7,St. Louis Blues,4,,"18,096",2:41,
10/23/2025,6:45 PM,Chicago Blackhawks,3,Tampa Bay Lightning,2,,"19,092",2:30,
10/23/2025,8:00 PM,Seattle Kraken,3,Winnipeg Jets,0,,"13,690",2:29,
10/24/2025,7:00 PM,Toronto Maple Leafs,3,Buffalo Sabres,5,,"17,211",2:27,
10/24/2025,7:00 PM,Washington Capitals,5,Columbus Blue Jackets,1,,"17,714",2:28,
10/24/2025,7:00 PM,San Jose Sharks,1,New Jersey Devils,3,,"16,514",2:28,
10/24/2025,8:00 PM,Calgary Flames,3,Winnipeg Jets,5,,"13,967",2:36,
10/25/2025,3:00 PM,Colorado Avalanche,2,Boston Bruins,3,,"17,850",2:28,
10/25/2025,8:00 PM,Carolina Hurricanes,2,Dallas Stars,3,,"18,532",2:42,
10/25/2025,7:00 PM,St. Louis Blues,4,Detroit Red Wings,6,,"19,515",2:31,
10/25/2025,6:00 PM,Vegas Golden Knights,0,Florida Panthers,3,,"19,558",2:24,
10/25/2025,6:00 PM,Utah Mammoth,6,Minnesota Wild,2,,"18,088",2:33,
10/25/2025,8:00 PM,Los Angeles Kings,4,Nashville Predators,5,SO,"17,159",2:53,
10/25/2025,12:30 PM,New York Islanders,3,Philadelphia Flyers,4,SO,"16,640",2:44,
10/25/2025,7:00 PM,Columbus Blue Jackets,5,Pittsburgh Penguins,4,SO,"15,261",2:41,
10/25/2025,10:00 PM,Edmonton Oilers,2,Seattle Kraken,3,,"17,151",2:28,
10/25/2025,5:00 PM,Anaheim Ducks,3,Tampa Bay Lightning,4,,"19,092",2:39,
10/25/2025,5:00 PM,Buffalo Sabres,3,Toronto Maple Leafs,4,OT,"18,792",2:34,
10/25/2025,7:00 PM,Montreal Canadiens,4,Vancouver Canucks,3,,"18,846",2:32,
10/25/2025,7:00 PM,Ottawa Senators,7,Washington Capitals,1,,"18,347",2:48,
10/26/2025,8:00 PM,New York Rangers,1,Calgary Flames,5,,"17,196",2:23,
10/26/2025,7:00 PM,Los Angeles Kings,3,Chicago Blackhawks,1,,"16,620",2:37,
10/26/2025,6:00 PM,San Jose Sharks,6,Minnesota Wild,5,OT,"17,101",2:36,
10/26/2025,1:00 PM,Colorado Avalanche,3,New Jersey Devils,4,OT,"16,514",2:26,
10/26/2025,7:00 PM,Dallas Stars,3,Nashville Predators,2,,"17,159",2:33,
10/26/2025,5:00 PM,Vegas Golden Knights,1,Tampa Bay Lightning,2,OT,"19,092",2:40,
10/26/2025,10:00 PM,Edmonton Oilers,3,Vancouver Canucks,4,OT,"18,770",2:33,
10/26/2025,6:00 PM,Utah Mammoth,3,Winnipeg Jets,2,,"13,678",2:25,
10/27/2025,7:30 PM,Boston Bruins,2,Ottawa Senators,7,,"16,168",2:35,
10/27/2025,7:00 PM,St. Louis Blues,3,Pittsburgh Penguins,6,,"13,303",2:21,
10/28/2025,7:15 PM,New York Islanders,2,Boston Bruins,5,,"17,850",2:23,
10/28/2025,6:45 PM,Columbus Blue Jackets,4,Buffalo Sabres,3,OT,"15,059",2:33,
10/28/2025,6:30 PM,Vegas Golden Knights,6,Carolina Hurricanes,3,,"18,299",2:39,
10/28/2025,8:45 PM,Ottawa Senators,3,Chicago Blackhawks,7,,"15,100",2:43,
10/28/2025,9:00 PM,New Jersey Devils,4,Colorado Avalanche,8,,"18,095",2:41,
10/28/2025,8:30 PM,Washington Capitals,0,Dallas Stars,1,,"18,532",2:31,
10/28/2025,9:30 PM,Utah Mammoth,3,Edmonton Oilers,6,,"18,347",2:31,
10/28/2025,7:00 PM,Anaheim Ducks,3,Florida Panthers,2,SO,"19,274",2:31,
10/28/2025,8:00 PM,Winnipeg Jets,4,Minnesota Wild,3,OT,"16,102",2:36,
10/28/2025,7:45 PM,Tampa Bay Lightning,5,Nashville Predators,2,,"17,159",2:35,
10/28/2025,6:00 PM,Pittsburgh Penguins,2,Philadelphia Flyers,3,SO,"17,245",2:53,
10/28/2025,10:30 PM,Montreal Canadiens,4,Seattle Kraken,3,OT,"17,151",2:27,
10/28/2025,11:00 PM,Los Angeles Kings,4,San Jose Sharks,3,,"12,804",2:23,
10/28/2025,8:15 PM,Detroit Red Wings,5,St. Louis Blues,2,,"16,496",2:21,
10/28/2025,6:00 PM,Calgary Flames,3,Toronto Maple Leafs,4,,"18,454",2:27,
10/28/2025,10:00 PM,New York Rangers,2,Vancouver Canucks,0,,"18,919",2:23,
10/29/2025,7:30 PM,Toronto Maple Leafs,3,Columbus Blue Jackets,6,,"16,558",2:29,
10/30/2025,7:00 PM,Buffalo Sabres,3,Boston Bruins,4,OT,"17,850",2:43,
10/30/2025,7:30 PM,New York Islanders,2,Carolina Hurricanes,6,,"18,299",2:40,
10/30/2025,9:00 PM,New York Rangers,4,Edmonton Oilers,3,OT,"17,787",2:32,
10/30/2025,10:30 PM,Detroit Red Wings,4,Los Angeles Kings,3,SO,"16,013",2:48,
10/30/2025,8:00 PM,Pittsburgh Penguins,4,Minnesota Wild,1,,"16,203",2:28,
10/30/2025,7:00 PM,Calgary Flames,3,Ottawa Senators,4,SO,"16,790",2:45,
10/30/2025,7:00 PM,Nashville Predators,1,Philadelphia Flyers,4,,"15,812",2:25,
10/30/2025,10:00 PM,New Jersey Devils,2,San Jose Sharks,5,,"12,930",2:25,
10/30/2025,8:00 PM,Vancouver Canucks,4,St. Louis Blues,3,SO,"16,848",2:44,
10/30/2025,7:00 PM,Dallas Stars,1,Tampa Bay Lightning,2,OT,"19,092",2:28,
10/30/2025,8:00 PM,Chicago Blackhawks,3,Winnipeg Jets,6,,"13,682",2:25,
10/31/2025,10:00 PM,Detroit Red Wings,2,Anaheim Ducks,5,,"13,195",2:28,
10/31/2025,4:00 PM,Colorado Avalanche,4,Vegas Golden Knights,2,,"17,889",2:34,
10/31/2025,7:00 PM,New York Islanders,3,Washington Capitals,1,,"16,471",2:25,
11/1/2025,1:00 PM,Carolina Hurricanes,1,Boston Bruins,2,,"17,850",2:14,
11/1/2025,7:00 PM,Washington Capitals,3,Buffalo Sabres,4,SO,"19,070",2:42,
11/1/2025,7:00 PM,St. Louis Blues,2,Columbus Blue Jackets,3,,"17,130",2:28,
11/1/2025,10:00 PM,Chicago Blackhawks,2,Edmonton Oilers,3,OT,"18,347",2:26,
11/1/2025,6:00 PM,Dallas Stars,3,Florida Panthers,4,SO,"19,386",2:33,
11/1/2025,9:00 PM,New Jersey Devils,4,Los Angeles Kings,1,,"16,110",2:26,
11/1/2025,7:00 PM,Vancouver Canucks,2,Minnesota Wild,5,,"17,216",2:31,
11/1/2025,7:00 PM,Ottawa Senators,3,Montreal Canadiens,4,OT,"20,962",2:35,
11/1/2025,3:30 PM,Calgary Flames,2,Nashville Predators,4,,"17,159",2:32,
11/1/2025,7:00 PM,Toronto Maple Leafs,5,Philadelphia Flyers,2,,"17,846",2:47,
11/1/2025,10:00 PM,New York Rangers,3,Seattle Kraken,2,OT,"17,151",2:39,
11/1/2025,4:00 PM,Colorado Avalanche,2,San Jose Sharks,3,OT,"16,406",2:37,
11/1/2025,3:00 PM,Pittsburgh Penguins,2,Winnipeg Jets,5,,"14,262",2:24,
11/2/2025,8:00 PM,New Jersey Devils,1,Anaheim Ducks,4,,"17,174",2:17,
11/2/2025,5:00 PM,Columbus Blue Jackets,2,New York Islanders,3,,"14,984",2:23,
11/2/2025,7:00 PM,Calgary Flames,2,Philadelphia Flyers,1,,"15,291",2:31,
11/2/2025,8:00 PM,Detroit Red Wings,3,San Jose Sharks,2,SO,"14,876",2:39,
11/2/2025,3:30 PM,Tampa Bay Lightning,4,Utah Mammoth,2,,"12,478",2:34,
11/3/2025,8:30 PM,Vancouver Canucks,5,Nashville Predators,4,OT,"17,159",2:42,
11/3/2025,10:00 PM,Chicago Blackhawks,1,Seattle Kraken,3,,"17,151",2:26,
11/3/2025,8:30 PM,Edmonton Oilers,2,St. Louis Blues,3,,"18,096",2:21,
11/3/2025,7:30 PM,Pittsburgh Penguins,3,Toronto Maple Leafs,4,,"18,916",2:28,
11/4/2025,10:00 PM,Florida Panthers,3,Anaheim Ducks,7,,"14,514",2:42,
11/4/2025,7:00 PM,Utah Mammoth,2,Buffalo Sabres,1,OT,"16,202",2:26,
11/4/2025,9:30 PM,Tampa Bay Lightning,2,Colorado Avalanche,3,,"18,071",2:30,
11/4/2025,8:00 PM,Edmonton Oilers,3,Dallas Stars,4,SO,"18,532",2:38,
11/4/2025,10:30 PM,Winnipeg Jets,0,Los Angeles Kings,3,,"14,671",2:32,
11/4/2025,8:00 PM,Nashville Predators,2,Minnesota Wild,3,OT,"16,253",2:31,
11/4/2025,7:00 PM,Philadelphia Flyers,5,Montreal Canadiens,4,SO,"20,962",2:46,
11/4/2025,7:00 PM,Boston Bruins,4,New York Islanders,3,SO,"15,585",2:41,
11/4/2025,7:00 PM,Carolina Hurricanes,3,New York Rangers,0,,"17,147",2:27,
11/4/2025,10:00 PM,Detroit Red Wings,0,Vegas Golden Knights,1,,"18,025",2:33,
11/5/2025,9:30 PM,Columbus Blue Jackets,1,Calgary Flames,5,,"16,802",2:29,
11/5/2025,10:00 PM,San Jose Sharks,6,Seattle Kraken,1,,"17,151",2:20,
11/5/2025,7:00 PM,Utah Mammoth,3,Toronto Maple Leafs,5,,"18,457",2:24,
11/5/2025,10:00 PM,Chicago Blackhawks,5,Vancouver Canucks,2,,"19,002",2:22,
11/5/2025,7:30 PM,St. Louis Blues,1,Washington Capitals,6,,"17,437",2:27,
11/6/2025,7:00 PM,Ottawa Senators,2,Boston Bruins,3,OT,"17,850",2:38,
11/6/2025,7:00 PM,St. Louis Blues,3,Buffalo Sabres,0,,"16,020",2:27,
11/6/2025,7:00 PM,Minnesota Wild,3,Carolina Hurricanes,4,,"18,299",2:39,
11/6/2025,8:00 PM,Anaheim Ducks,7,Dallas Stars,5,,"18,532",2:30,
11/6/2025,10:00 PM,Florida Panthers,5,Los Angeles Kings,2,,"16,909",2:26,
11/6/2025,7:00 PM,Montreal Canadiens,3,New Jersey Devils,4,OT,"16,514",2:20,
11/6/2025,8:00 PM,Philadelphia Flyers,3,Nashville Predators,1,,"17,159",2:33,
11/6/2025,7:30 PM,Washington Capitals,3,Pittsburgh Penguins,5,,"18,384",2:32,
11/6/2025,10:00 PM,Tampa Bay Lightning,6,Vegas Golden Knights,3,,"17,717",2:29,
11/7/2025,9:00 PM,Chicago Blackhawks,4,Calgary Flames,0,,"17,425",2:30,
11/7/2025,7:00 PM,New York Rangers,4,Detroit Red Wings,1,,"19,515",2:32,
11/7/2025,7:00 PM,Minnesota Wild,5,New York Islanders,2,,"15,792",2:28,
11/7/2025,10:00 PM,Winnipeg Jets,1,San Jose Sharks,2,,"13,053",2:23,
11/8/2025,7:00 PM,Buffalo Sabres,3,Carolina Hurricanes,6,,"18,299",2:31,
11/8/2025,10:00 PM,Colorado Avalanche,9,Edmonton Oilers,1,,"18,347",2:35,
11/8/2025,7:00 PM,Utah Mammoth,2,Montreal Canadiens,6,,"20,962",2:28,
11/8/2025,12:30 PM,Pittsburgh Penguins,1,New Jersey Devils,2,SO,"16,514",2:34,
11/8/2025,3:30 PM,Dallas Stars,5,Nashville Predators,4,,"17,159",2:28,
11/8/2025,7:00 PM,New York Islanders,5,New York Rangers,0,,"18,006",2:27,
11/8/2025,1:00 PM,Ottawa Senators,3,Philadelphia Flyers,2,OT,"18,188",2:33,
11/8/2025,10:00 PM,Florida Panthers,1,San Jose Sharks,3,,"15,895",2:29,
11/8/2025,7:00 PM,Seattle Kraken,4,St. Louis Blues,3,OT,"18,096",2:33,
11/8/2025,7:00 PM,Washington Capitals,2,Tampa Bay Lightning,3,,"19,092",2:42,
11/8/2025,7:00 PM,Boston Bruins,5,Toronto Maple Leafs,3,,"18,955",2:46,
11/8/2025,10:00 PM,Columbus Blue Jackets,3,Vancouver Canucks,4,,"18,763",2:31,
11/8/2025,10:00 PM,Anaheim Ducks,4,Vegas Golden Knights,3,OT,"17,977",2:40,
11/9/2025,10:00 PM,Winnipeg Jets,1,Anaheim Ducks,4,,"15,286",2:28,
11/9/2025,7:00 PM,Seattle Kraken,1,Dallas Stars,2,,"18,532",2:22,
11/9/2025,1:00 PM,Chicago Blackhawks,5,Detroit Red Wings,1,,"19,515",2:31,
11/9/2025,8:00 PM,Calgary Flames,0,Minnesota Wild,2,,"17,090",2:32,
11/9/2025,7:00 PM,Utah Mammoth,2,Ottawa Senators,4,,"17,470",2:32,
11/9/2025,2:00 PM,Los Angeles Kings,3,Pittsburgh Penguins,2,,"18,343",2:26,
11/9/2025,7:00 PM,Carolina Hurricanes,5,Toronto Maple Leafs,4,,"18,395",2:38,
11/9/2025,10:00 PM,Colorado Avalanche,5,Vancouver Canucks,4,OT,"18,643",2:33,
11/10/2025,8:30 PM,Columbus Blue Jackets,4,Edmonton Oilers,5,OT,"18,247",2:32,
11/10/2025,7:00 PM,New York Islanders,3,New Jersey Devils,2,OT,"16,514",2:26,
11/10/2025,7:00 PM,Nashville Predators,3,New York Rangers,6,,"18,006",2:31,
11/10/2025,10:00 PM,Florida Panthers,3,Vegas Golden Knights,2,,"17,812",2:26,
11/11/2025,7:00 PM,Toronto Maple Leafs,3,Boston Bruins,5,,"17,850",2:39,
11/11/2025,7:00 PM,Washington Capitals,4,Carolina Hurricanes,1,,"18,299",2:32,
11/11/2025,9:30 PM,Anaheim Ducks,1,Colorado Avalanche,4,,"18,098",2:31,
11/11/2025,8:00 PM,San Jose Sharks,2,Minnesota Wild,1,OT,"16,253",2:26,
11/11/2025,7:00 PM,Los Angeles Kings,5,Montreal Canadiens,1,,"20,962",2:26,
11/11/2025,7:00 PM,Dallas Stars,3,Ottawa Senators,2,OT,"16,542",2:25,
11/11/2025,10:00 PM,Columbus Blue Jackets,2,Seattle Kraken,1,SO,"17,151",2:46,
11/11/2025,8:00 PM,Calgary Flames,2,St. Louis Blues,3,,"18,096",2:31,
11/11/2025,10:00 PM,Winnipeg Jets,5,Vancouver Canucks,3,,"18,725",2:32,
11/12/2025,9:30 PM,New Jersey Devils,4,Chicago Blackhawks,3,OT,"17,268",2:27,
11/12/2025,7:30 PM,Edmonton Oilers,2,Philadelphia Flyers,1,OT,"18,480",2:34,
11/12/2025,7:00 PM,New York Rangers,7,Tampa Bay Lightning,3,,"19,092",2:33,
11/12/2025,9:00 PM,Buffalo Sabres,2,Utah Mammoth,5,,"12,478",2:37,
11/13/2025,7:30 PM,Edmonton Oilers,4,Columbus Blue Jackets,5,,"18,749",2:33,
11/13/2025,9:00 PM,San Jose Sharks,0,Calgary Flames,2,,"17,551",2:18,
11/13/2025,9:00 PM,Buffalo Sabres,3,Colorado Avalanche,6,,"18,101",2:37,
11/13/2025,7:00 PM,Anaheim Ducks,3,Detroit Red Wings,6,,"19,515",2:37,
11/13/2025,7:00 PM,Washington Capitals,3,Florida Panthers,6,,"19,650",2:32,
11/13/2025,7:00 PM,Dallas Stars,7,Montreal Canadiens,0,,"20,962",2:16,
11/13/2025,7:00 PM,Boston Bruins,3,Ottawa Senators,5,,"16,049",2:23,
11/13/2025,10:00 PM,Winnipeg Jets,3,Seattle Kraken,5,,"17,151",2:32,
11/13/2025,7:00 PM,Los Angeles Kings,4,Toronto Maple Leafs,3,OT,"18,305",2:28,
11/13/2025,10:00 PM,New York Islanders,4,Vegas Golden Knights,3,OT,"17,733",2:39,
11/14/2025,7:00 PM,Vancouver Canucks,3,Carolina Hurricanes,4,OT,"18,299",2:37,
11/14/2025,2:00 PM,Pittsburgh Penguins,1,Nashville Predators,2,OT,"12,766",2:29,"at (Stockholm, SE)"
11/14/2025,8:00 PM,Philadelphia Flyers,6,St. Louis Blues,5,SO,"18,096",2:38,
11/14/2025,9:00 PM,New York Islanders,3,Utah Mammoth,2,OT,"12,478",2:41,
11/15/2025,7:00 PM,Edmonton Oilers,4,Carolina Hurricanes,3,OT,"18,299",2:26,
11/15/2025,7:00 PM,New York Rangers,2,Columbus Blue Jackets,1,SO,"16,298",2:48,
11/15/2025,10:00 PM,Winnipeg Jets,4,Calgary Flames,3,SO,"17,494",2:41,
11/15/2025,7:00 PM,Toronto Maple Leafs,2,Chicago Blackhawks,3,,"20,489",2:32,
11/15/2025,8:00 PM,Philadelphia Flyers,1,Dallas Stars,5,,"18,532",2:26,
11/15/2025,7:00 PM,Buffalo Sabres,5,Detroit Red Wings,4,OT,"19,515",2:39,
11/15/2025,5:00 PM,Tampa Bay Lightning,3,Florida Panthers,1,,"19,894",2:38,
11/15/2025,6:00 PM,Anaheim Ducks,0,Minnesota Wild,2,,"17,458",2:29,
11/15/2025,7:00 PM,Boston Bruins,3,Montreal Canadiens,2,,"20,962",2:36,
11/15/2025,7:00 PM,Los Angeles Kings,1,Ottawa Senators,0,,"17,772",2:16,
11/15/2025,10:00 PM,San Jose Sharks,1,Seattle Kraken,4,,"17,151",2:29,
11/15/2025,8:00 PM,Vegas Golden Knights,4,St. Louis Blues,1,,"18,096",2:30,
11/15/2025,7:00 PM,New Jersey Devils,3,Washington Capitals,2,SO,"18,347",2:46,
11/16/2025,9:00 PM,New York Islanders,1,Colorado Avalanche,4,,"18,109",2:37,
11/16/2025,6:00 PM,Vegas Golden Knights,2,Minnesota Wild,3,OT,"17,439",2:37,
11/16/2025,7:00 PM,Detroit Red Wings,2,New York Rangers,1,,"18,006",2:29,
11/16/2025,9:00 AM,Nashville Predators,0,Pittsburgh Penguins,4,,"12,723",2:35,"at (Stockholm, SE)"
11/16/2025,5:00 PM,Vancouver Canucks,6,Tampa Bay Lightning,2,,"19,092",2:37,
11/17/2025,10:00 PM,Utah Mammoth,2,Anaheim Ducks,3,OT,"15,177",2:27,
11/17/2025,7:00 PM,Carolina Hurricanes,3,Boston Bruins,1,,"17,850",2:38,
11/17/2025,7:00 PM,Edmonton Oilers,1,Buffalo Sabres,5,,"16,394",2:32,
11/17/2025,7:30 PM,Montreal Canadiens,3,Columbus Blue Jackets,4,SO,"14,811",2:36,
11/17/2025,7:00 PM,Vancouver Canucks,5,Florida Panthers,8,,"19,260",2:40,
11/17/2025,7:00 PM,Los Angeles Kings,1,Washington Capitals,2,,"17,649",2:26,
11/18/2025,8:30 PM,Calgary Flames,2,Chicago Blackhawks,5,,"17,518",2:39,
11/18/2025,8:00 PM,New York Islanders,3,Dallas Stars,2,,"18,532",2:28,
11/18/2025,7:00 PM,Seattle Kraken,2,Detroit Red Wings,4,,"19,515",2:37,
11/18/2025,10:00 PM,Utah Mammoth,2,San Jose Sharks,3,OT,"12,101",2:39,
11/18/2025,7:00 PM,New Jersey Devils,1,Tampa Bay Lightning,5,,"19,092",2:32,
11/18/2025,7:00 PM,St. Louis Blues,2,Toronto Maple Leafs,3,OT,"18,353",2:32,
11/18/2025,10:00 PM,New York Rangers,2,Vegas Golden Knights,3,,"18,008",2:29,
11/18/2025,8:00 PM,Columbus Blue Jackets,2,Winnipeg Jets,5,,"13,847",2:29,
11/19/2025,10:00 PM,Boston Bruins,3,Anaheim Ducks,4,,"14,067",2:34,
11/19/2025,7:30 PM,Calgary Flames,6,Buffalo Sabres,2,,"15,213",2:35,
11/19/2025,9:30 PM,Carolina Hurricanes,3,Minnesota Wild,4,SO,"16,087",2:38,
11/19/2025,7:00 PM,Edmonton Oilers,4,Washington Capitals,7,,"17,929",2:29,
11/20/2025,10:00 PM,Ottawa Senators,3,Anaheim Ducks,2,,"14,564",2:28,
11/20/2025,8:00 PM,Seattle Kraken,3,Chicago Blackhawks,2,,"18,170",2:24,
11/20/2025,9:00 PM,New York Rangers,3,Colorado Avalanche,6,,"18,080",2:30,
11/20/2025,7:00 PM,New York Islanders,5,Detroit Red Wings,0,,"18,918",2:36,
11/20/2025,7:00 PM,New Jersey Devils,0,Florida Panthers,1,,"19,473",2:19,
11/20/2025,7:00 PM,Washington Capitals,8,Montreal Canadiens,4,,"20,962",2:38,
11/20/2025,7:00 PM,St. Louis Blues,2,Philadelphia Flyers,3,OT,"17,677",2:29,
11/20/2025,10:00 PM,Los Angeles Kings,3,San Jose Sharks,4,SO,"16,387",2:36,
11/20/2025,7:30 PM,Edmonton Oilers,1,Tampa Bay Lightning,2,OT,"19,092",2:38,
11/20/2025,7:00 PM,Columbus Blue Jackets,3,Toronto Maple Leafs,2,OT,"18,438",2:37,
11/20/2025,9:00 PM,Vegas Golden Knights,4,Utah Mammoth,1,,"12,478",2:35,
11/20/2025,10:00 PM,Dallas Stars,4,Vancouver Canucks,2,,"18,703",2:29,
11/21/2025,7:00 PM,Chicago Blackhawks,3,Buffalo Sabres,9,,"17,058",2:29,
11/21/2025,10:30 PM,Boston Bruins,2,Los Angeles Kings,1,OT,"18,145",2:34,
11/21/2025,7:00 PM,Minnesota Wild,5,Pittsburgh Penguins,0,,"17,527",2:20,
11/21/2025,8:00 PM,Carolina Hurricanes,4,Winnipeg Jets,3,,"15,225",2:32,
11/22/2025,10:00 PM,Vegas Golden Knights,3,Anaheim Ducks,4,OT,"17,174",2:35,
11/22/2025,10:00 PM,Dallas Stars,2,Calgary Flames,3,SO,"17,566",2:43,
11/22/2025,1:00 PM,Columbus Blue Jackets,3,Detroit Red Wings,4,OT,"19,515",2:44,
11/22/2025,7:00 PM,Edmonton Oilers,6,Florida Panthers,3,,"19,534",2:27,
11/22/2025,7:00 PM,Toronto Maple Leafs,2,Montreal Canadiens,5,,"20,962",2:37,
11/22/2025,8:00 PM,Colorado Avalanche,3,Nashville Predators,0,,"17,457",2:25,
11/22/2025,3:30 PM,St. Louis Blues,2,New York Islanders,1,,"17,255",2:25,
11/22/2025,7:00 PM,New Jersey Devils,3,Philadelphia Flyers,6,,"18,342",2:30,
11/22/2025,7:00 PM,Seattle Kraken,3,Pittsburgh Penguins,2,OT,"17,783",2:29,
11/22/2025,7:00 PM,Ottawa Senators,3,San Jose Sharks,2,,"17,435",2:29,
11/22/2025,9:00 PM,New York Rangers,2,Utah Mammoth,3,,"12,478",2:32,
11/22/2025,7:00 PM,Tampa Bay Lightning,5,Washington Capitals,3,,"18,347",2:36,
11/23/2025,1:00 PM,Carolina Hurricanes,1,Buffalo Sabres,4,,"18,027",2:30,
11/23/2025,7:00 PM,Colorado Avalanche,1,Chicago Blackhawks,0,,"20,441",2:29,
11/23/2025,5:00 PM,Seattle Kraken,0,New York Islanders,1,SO,"17,255",2:35,
11/23/2025,8:00 PM,Boston Bruins,1,San Jose Sharks,3,,"17,435",2:30,
11/23/2025,9:00 PM,Calgary Flames,5,Vancouver Canucks,2,,"18,671",2:24,
11/23/2025,4:00 PM,Minnesota Wild,3,Winnipeg Jets,0,,"14,368",2:24,
11/24/2025,9:00 PM,Ottawa Senators,1,Los Angeles Kings,2,,"17,421",2:27,
11/24/2025,7:00 PM,Detroit Red Wings,3,New Jersey Devils,4,,"16,514",2:30,
11/24/2025,8:00 PM,Florida Panthers,8,Nashville Predators,3,,"17,431",2:28,
11/24/2025,7:00 PM,St. Louis Blues,2,New York Rangers,3,,"18,006",2:30,
11/24/2025,7:00 PM,Philadelphia Flyers,0,Tampa Bay Lightning,3,,"19,092",2:22,
11/24/2025,9:00 PM,Vegas Golden Knights,1,Utah Mammoth,5,,"12,478",2:29,
11/24/2025,7:00 PM,Columbus Blue Jackets,1,Washington Capitals,5,,"17,337",2:18,
11/25/2025,9:00 PM,Dallas Stars,8,Edmonton Oilers,3,,"18,347",2:22,
11/26/2025,10:00 PM,Vancouver Canucks,5,Anaheim Ducks,4,,"16,781",2:28,
11/26/2025,7:00 PM,New York Rangers,4,Carolina Hurricanes,2,,"18,299",2:32,
11/26/2025,7:00 PM,Toronto Maple Leafs,2,Columbus Blue Jackets,1,OT,"16,632",2:40,
11/26/2025,8:30 PM,Minnesota Wild,4,Chicago Blackhawks,3,OT,"18,933",2:37,
11/26/2025,9:00 PM,San Jose Sharks,0,Colorado Avalanche,6,,"18,117",2:25,
11/26/2025,7:00 PM,Nashville Predators,6,Detroit Red Wings,3,,"19,515",2:42,
11/26/2025,7:00 PM,Philadelphia Flyers,4,Florida Panthers,2,,"19,729",2:26,
11/26/2025,7:00 PM,St. Louis Blues,2,New Jersey Devils,3,OT,"16,056",2:24,
11/26/2025,7:00 PM,Boston Bruins,3,New York Islanders,1,,"17,255",2:23,
11/26/2025,7:00 PM,Buffalo Sabres,2,Pittsburgh Penguins,4,,"17,543",2:14,
11/26/2025,10:00 PM,Dallas Stars,3,Seattle Kraken,2,,"17,151",2:24,
11/26/2025,7:00 PM,Calgary Flames,1,Tampa Bay Lightning,5,,"19,092",2:25,
11/26/2025,9:30 PM,Montreal Canadiens,4,Utah Mammoth,3,,"12,478",2:35,
11/26/2025,10:00 PM,Ottawa Senators,4,Vegas Golden Knights,3,SO,"17,791",2:49,
11/26/2025,7:00 PM,Winnipeg Jets,3,Washington Capitals,4,,"18,347",2:33,
11/28/2025,4:00 PM,Los Angeles Kings,4,Anaheim Ducks,5,SO,"17,174",2:36,
11/28/2025,1:00 PM,New York Rangers,6,Boston Bruins,2,,"17,850",2:29,
11/28/2025,4:00 PM,New Jersey Devils,5,Buffalo Sabres,0,,"19,070",2:28,
11/28/2025,5:00 PM,Winnipeg Jets,1,Carolina Hurricanes,5,,"18,312",2:30,
11/28/2025,7:00 PM,Pittsburgh Penguins,4,Columbus Blue Jackets,3,OT,"18,194",2:32,
11/28/2025,8:00 PM,Nashville Predators,4,Chicago Blackhawks,3,,"19,755",2:31,
11/28/2025,8:00 PM,Utah Mammoth,3,Dallas Stars,4,,"18,532",2:23,
11/28/2025,12:00 PM,Tampa Bay Lightning,6,Detroit Red Wings,3,,"19,515",2:29,
11/28/2025,4:00 PM,Calgary Flames,5,Florida Panthers,3,,"19,664",2:36,
11/28/2025,3:30 PM,Colorado Avalanche,2,Minnesota Wild,3,SO,"19,044",2:39,
11/28/2025,4:00 PM,Philadelphia Flyers,4,New York Islanders,3,SO,"17,255",2:38,
11/28/2025,4:00 PM,Vancouver Canucks,2,San Jose Sharks,3,,"17,435",2:40,
11/28/2025,4:00 PM,Ottawa Senators,3,St. Louis Blues,4,,"18,096",2:30,
11/28/2025,4:00 PM,Montreal Canadiens,4,Vegas Golden Knights,1,,"17,739",2:27,
11/28/2025,5:00 PM,Toronto Maple Leafs,2,Washington Capitals,4,,"18,347",2:25,
11/29/2025,7:00 PM,Detroit Red Wings,2,Boston Bruins,3,SO,"17,850",2:41,
11/29/2025,3:00 PM,Montreal Canadiens,2,Colorado Avalanche,7,,"18,112",2:32,
11/29/2025,10:00 PM,Vancouver Canucks,1,Los Angeles Kings,2,OT,"18,145",2:39,
11/29/2025,8:00 PM,Buffalo Sabres,3,Minnesota Wild,2,SO,"17,233",2:38,
11/29/2025,7:00 PM,Philadelphia Flyers,5,New Jersey Devils,3,,"16,757",2:37,
11/29/2025,7:00 PM,Winnipeg Jets,5,Nashville Predators,2,,"17,159",2:36,
11/29/2025,2:00 PM,Tampa Bay Lightning,4,New York Rangers,1,,"18,006",2:21,
11/29/2025,7:00 PM,Toronto Maple Leafs,7,Pittsburgh Penguins,2,,"17,310",2:27,
11/29/2025,4:00 PM,Edmonton Oilers,4,Seattle Kraken,0,,"17,151",2:30,
11/29/2025,8:00 PM,Utah Mammoth,0,St. Louis Blues,1,,"16,847",2:24,
11/29/2025,10:00 PM,San Jose Sharks,3,Vegas Golden Knights,4,,"17,919",2:28,
11/30/2025,5:00 PM,Calgary Flames,0,Carolina Hurricanes,1,OT,"18,299",2:26,
11/30/2025,3:30 PM,Anaheim Ducks,3,Chicago Blackhawks,5,,"19,912",2:33,
11/30/2025,6:00 PM,Ottawa Senators,1,Dallas Stars,6,,"18,532",2:31,
11/30/2025,1:00 PM,Washington Capitals,4,New York Islanders,1,,"15,648",2:28,
12/1/2025,7:30 PM,Winnipeg Jets,1,Buffalo Sabres,5,,"15,758",2:19,
12/1/2025,7:00 PM,Columbus Blue Jackets,5,New Jersey Devils,3,,"13,881",2:43,
12/1/2025,7:00 PM,Pittsburgh Penguins,5,Philadelphia Flyers,1,,"17,338",2:35,
12/1/2025,10:00 PM,Utah Mammoth,3,San Jose Sharks,6,,"11,241",1:38,
12/1/2025,8:00 PM,Anaheim Ducks,4,St. Louis Blues,1,,"16,229",2:26,
12/2/2025,9:00 PM,Vancouver Canucks,1,Colorado Avalanche,3,,"18,103",2:17,
12/2/2025,7:00 PM,Boston Bruins,4,Detroit Red Wings,5,,"18,803",2:32,
12/2/2025,9:00 PM,Minnesota Wild,1,Edmonton Oilers,0,,"19,173",2:22,
12/2/2025,7:30 PM,Toronto Maple Leafs,4,Florida Panthers,1,,"19,268",2:21,
12/2/2025,10:30 PM,Washington Capitals,3,Los Angeles Kings,1,,"16,509",2:27,
12/2/2025,7:00 PM,Ottawa Senators,5,Montreal Canadiens,2,,"20,962",2:30,
12/2/2025,8:00 PM,Calgary Flames,1,Nashville Predators,5,,"17,159",2:33,
12/2/2025,7:00 PM,Tampa Bay Lightning,1,New York Islanders,2,,"13,014",2:16,
12/2/2025,7:00 PM,Dallas Stars,2,New York Rangers,3,OT,"16,950",2:36,
12/2/2025,10:00 PM,Chicago Blackhawks,3,Vegas Golden Knights,4,SO,"17,944",2:44,
12/3/2025,10:00 PM,Utah Mammoth,7,Anaheim Ducks,0,,"12,547",2:31,
12/3/2025,7:30 PM,Winnipeg Jets,2,Montreal Canadiens,3,SO,"20,962",2:43,
12/3/2025,7:00 PM,Dallas Stars,3,New Jersey Devils,0,,"15,805",2:22,
12/3/2025,7:30 PM,Buffalo Sabres,2,Philadelphia Flyers,5,,"17,116",2:39,
12/3/2025,10:00 PM,Washington Capitals,7,San Jose Sharks,1,,"15,466",2:28,
12/4/2025,7:00 PM,St. Louis Blues,2,Boston Bruins,5,,"17,850",2:26,
12/4/2025,7:00 PM,Toronto Maple Leafs,5,Carolina Hurricanes,1,,"18,299",2:28,
12/4/2025,7:30 PM,Detroit Red Wings,5,Columbus Blue Jackets,6,SO,"16,818",2:43,
12/4/2025,9:00 PM,Minnesota Wild,1,Calgary Flames,4,,"16,924",2:28,
12/4/2025,9:00 PM,Seattle Kraken,4,Edmonton Oilers,9,,"17,496",2:31,
12/4/2025,7:00 PM,Nashville Predators,2,Florida Panthers,1,OT,"19,340",2:43,
12/4/2025,10:00 PM,Chicago Blackhawks,2,Los Angeles Kings,1,,"16,225",2:31,
12/4/2025,7:00 PM,Colorado Avalanche,3,New York Islanders,6,,"14,497",2:30,
12/4/2025,7:00 PM,New York Rangers,4,Ottawa Senators,2,,"15,533",2:27,
12/4/2025,7:00 PM,Pittsburgh Penguins,4,Tampa Bay Lightning,3,,"19,092",2:34,
12/5/2025,10:00 PM,Washington Capitals,3,Anaheim Ducks,4,SO,"16,122",2:46,
12/5/2025,8:00 PM,San Jose Sharks,1,Dallas Stars,4,,"18,532",2:28,
12/5/2025,7:00 PM,Vegas Golden Knights,3,New Jersey Devils,0,,"15,842",2:24,
12/5/2025,9:00 PM,Utah Mammoth,4,Vancouver Canucks,1,,"18,732",2:34,
12/5/2025,7:00 PM,Buffalo Sabres,1,Winnipeg Jets,4,,"13,682",2:29,
12/6/2025,7:00 PM,New Jersey Devils,1,Boston Bruins,4,,"17,850",2:25,
12/6/2025,7:00 PM,Nashville Predators,3,Carolina Hurricanes,6,,"18,299",2:39,
12/6/2025,7:00 PM,Utah Mammoth,0,Calgary Flames,2,,"17,541",2:28,
12/6/2025,10:00 PM,Winnipeg Jets,2,Edmonton Oilers,6,,"18,347",2:17,
12/6/2025,3:30 PM,Columbus Blue Jackets,6,Florida Panthers,7,OT,"19,269",2:51,
12/6/2025,9:00 PM,Chicago Blackhawks,0,Los Angeles Kings,6,,"18,145",2:29,
12/6/2025,12:30 PM,Colorado Avalanche,3,New York Rangers,2,OT,"17,647",2:39,
12/6/2025,7:00 PM,St. Louis Blues,2,Ottawa Senators,1,,"16,064",2:40,
12/6/2025,10:00 PM,Detroit Red Wings,4,Seattle Kraken,3,,"17,151",2:34,
12/6/2025,7:00 PM,New York Islanders,2,Tampa Bay Lightning,0,,"19,092",2:22,
12/6/2025,7:00 PM,Montreal Canadiens,2,Toronto Maple Leafs,1,SO,"19,081",2:45,
12/6/2025,10:00 PM,Minnesota Wild,2,Vancouver Canucks,4,,"18,629",2:37,
12/7/2025,8:00 PM,Chicago Blackhawks,1,Anaheim Ducks,7,,"15,511",2:27,
12/7/2025,5:00 PM,San Jose Sharks,4,Carolina Hurricanes,1,,"18,299",2:26,
12/7/2025,6:00 PM,Pittsburgh Penguins,2,Dallas Stars,3,SO,"18,532",2:30,
12/7/2025,5:00 PM,New York Islanders,1,Florida Panthers,4,,"19,334",2:20,
12/7/2025,7:00 PM,St. Louis Blues,4,Montreal Canadiens,3,,"20,962",2:26,
12/7/2025,7:00 PM,Vegas Golden Knights,3,New York Rangers,2,OT,"17,486",2:36,
12/7/2025,1:00 PM,Colorado Avalanche,3,Philadelphia Flyers,2,,"18,606",2:22,
12/7/2025,7:00 PM,Columbus Blue Jackets,0,Washington Capitals,2,,"17,312",2:34,
12/8/2025,9:00 PM,Buffalo Sabres,4,Calgary Flames,7,,"16,278",2:47,
12/8/2025,10:00 PM,Minnesota Wild,4,Seattle Kraken,1,,"17,151",2:28,
12/8/2025,7:30 PM,Tampa Bay Lightning,0,Toronto Maple Leafs,2,,"18,520",2:31,
12/8/2025,9:00 PM,Los Angeles Kings,4,Utah Mammoth,2,,"12,478",2:31,
12/8/2025,10:00 PM,Detroit Red Wings,4,Vancouver Canucks,0,,"18,707",2:21,
12/9/2025,7:30 PM,Columbus Blue Jackets,1,Carolina Hurricanes,4,,"18,299",2:27,
12/9/2025,9:00 PM,Buffalo Sabres,4,Edmonton Oilers,3,OT,"17,622",2:40,
12/9/2025,7:00 PM,Tampa Bay Lightning,6,Montreal Canadiens,1,,"20,962",2:25,
12/9/2025,9:30 PM,Colorado Avalanche,3,Nashville Predators,4,SO,"17,159",2:48,
12/9/2025,7:00 PM,Vegas Golden Knights,4,New York Islanders,5,SO,"13,514",2:56,
12/9/2025,7:00 PM,New Jersey Devils,4,Ottawa Senators,3,,"16,159",2:37,
12/9/2025,7:00 PM,San Jose Sharks,1,Philadelphia Flyers,4,,"17,497",2:22,
12/9/2025,7:00 PM,Anaheim Ducks,4,Pittsburgh Penguins,3,SO,"15,165",2:37,
12/9/2025,8:00 PM,Boston Bruins,5,St. Louis Blues,2,,"18,096",2:31,
12/9/2025,8:00 PM,Dallas Stars,4,Winnipeg Jets,3,,"13,675",2:26,
12/10/2025,8:30 PM,Detroit Red Wings,4,Calgary Flames,3,,"17,055",2:42,
12/10/2025,7:30 PM,New York Rangers,0,Chicago Blackhawks,3,,"19,709",2:25,
12/10/2025,10:00 PM,Los Angeles Kings,2,Seattle Kraken,3,OT,"17,151",2:39,
12/10/2025,9:00 PM,Florida Panthers,4,Utah Mammoth,3,,"12,478",2:35,
12/11/2025,7:00 PM,Ottawa Senators,6,Columbus Blue Jackets,3,,"15,059",2:32,
12/11/2025,9:30 PM,Florida Panthers,2,Colorado Avalanche,6,,"18,112",2:31,
12/11/2025,9:00 PM,Detroit Red Wings,1,Edmonton Oilers,4,,"18,347",2:27,
12/11/2025,8:00 PM,Dallas Stars,2,Minnesota Wild,5,,"17,109",2:34,
12/11/2025,7:00 PM,Tampa Bay Lightning,8,New Jersey Devils,4,,"16,042",2:30,
12/11/2025,8:00 PM,St. Louis Blues,2,Nashville Predators,7,,"17,159",2:26,
12/11/2025,7:00 PM,Anaheim Ducks,2,New York Islanders,5,,"14,527",2:37,
12/11/2025,7:00 PM,Vegas Golden Knights,3,Philadelphia Flyers,2,OT,"17,585",2:27,
12/11/2025,7:30 PM,Montreal Canadiens,4,Pittsburgh Penguins,2,,"14,845",2:32,
12/11/2025,7:00 PM,San Jose Sharks,3,Toronto Maple Leafs,2,OT,"18,674",2:38,
12/11/2025,10:00 PM,Buffalo Sabres,3,Vancouver Canucks,2,,"18,606",2:22,
12/11/2025,8:00 PM,Boston Bruins,6,Winnipeg Jets,3,,"13,158",2:25,
12/11/2025,7:00 PM,Carolina Hurricanes,3,Washington Capitals,2,SO,"18,185",2:33,
12/12/2025,8:00 PM,Chicago Blackhawks,2,St. Louis Blues,3,,"18,096",2:27,
12/12/2025,9:00 PM,Seattle Kraken,3,Utah Mammoth,5,,"12,478",2:39,
12/13/2025,7:00 PM,Vegas Golden Knights,3,Columbus Blue Jackets,2,,"16,965",2:32,
12/13/2025,8:00 PM,Detroit Red Wings,4,Chicago Blackhawks,0,,"20,751",2:20,
12/13/2025,9:00 PM,Nashville Predators,2,Colorado Avalanche,4,,"18,130",2:32,
12/13/2025,8:00 PM,Florida Panthers,4,Dallas Stars,0,,"18,532",2:30,
12/13/2025,10:00 PM,Calgary Flames,2,Los Angeles Kings,1,OT,"18,145",2:41,
12/13/2025,2:00 PM,Ottawa Senators,2,Minnesota Wild,3,,"18,058",2:39,
12/13/2025,12:30 PM,Anaheim Ducks,1,New Jersey Devils,4,,"15,755",2:26,
12/13/2025,3:30 PM,Tampa Bay Lightning,2,New York Islanders,3,SO,"17,255",2:51,
12/13/2025,7:00 PM,Montreal Canadiens,4,New York Rangers,5,OT,"18,006",2:35,
12/13/2025,7:00 PM,Carolina Hurricanes,4,Philadelphia Flyers,3,SO,"17,726",2:39,
12/13/2025,3:00 PM,San Jose Sharks,6,Pittsburgh Penguins,5,OT,"17,059",2:36,
12/13/2025,7:00 PM,Edmonton Oilers,6,Toronto Maple Leafs,3,,"19,023",2:24,
12/13/2025,7:00 PM,Washington Capitals,1,Winnipeg Jets,5,,"14,096",2:29,
12/14/2025,5:00 PM,Philadelphia Flyers,2,Carolina Hurricanes,3,SO,"18,305",2:48,
12/14/2025,6:00 PM,Boston Bruins,2,Minnesota Wild,6,,"18,322",2:34,
12/14/2025,7:00 PM,Edmonton Oilers,1,Montreal Canadiens,4,,"20,962",2:32,
12/14/2025,12:30 PM,Vancouver Canucks,2,New Jersey Devils,1,,"13,821",2:25,
12/14/2025,3:00 PM,Utah Mammoth,5,Pittsburgh Penguins,4,OT,"15,686",2:36,
12/14/2025,8:00 PM,Buffalo Sabres,3,Seattle Kraken,1,,"17,151",2:19,
12/15/2025,8:00 PM,Los Angeles Kings,1,Dallas Stars,4,,"18,532",2:39,
12/15/2025,7:00 PM,Anaheim Ducks,4,New York Rangers,1,,"18,006",2:24,
12/15/2025,8:00 PM,Nashville Predators,5,St. Louis Blues,2,,"18,096",2:25,
12/15/2025,7:00 PM,Florida Panthers,5,Tampa Bay Lightning,2,,"19,092",2:42,
12/15/2025,7:30 PM,Ottawa Senators,3,Winnipeg Jets,2,OT,"13,566",2:24,
12/16/2025,7:00 PM,Utah Mammoth,1,Boston Bruins,4,,"17,850",2:32,
12/16/2025,7:00 PM,Anaheim Ducks,3,Columbus Blue Jackets,4,OT,"14,120",2:27,
12/16/2025,7:00 PM,New York Islanders,2,Detroit Red Wings,3,,"19,515",2:28,
12/16/2025,8:00 PM,Washington Capitals,0,Minnesota Wild,5,,"18,044",2:30,
12/16/2025,7:00 PM,Philadelphia Flyers,4,Montreal Canadiens,1,,"20,962",2:33,
12/16/2025,7:00 PM,Vancouver Canucks,3,New York Rangers,0,,"17,452",2:23,
12/16/2025,7:30 PM,Edmonton Oilers,6,Pittsburgh Penguins,4,,"15,285",2:32,
12/16/2025,10:00 PM,Colorado Avalanche,5,Seattle Kraken,3,,"17,151",2:41,
12/16/2025,10:00 PM,Calgary Flames,3,San Jose Sharks,6,,"14,261",2:33,
12/16/2025,7:00 PM,Chicago Blackhawks,2,Toronto Maple Leafs,3,,"18,568",2:22,
12/17/2025,7:30 PM,Utah Mammoth,4,Detroit Red Wings,1,,"19,515",2:23,
12/17/2025,7:00 PM,Los Angeles Kings,2,Florida Panthers,3,,"19,612",2:32,
12/17/2025,8:00 PM,Carolina Hurricanes,4,Nashville Predators,1,,"17,159",2:35,
12/17/2025,8:00 PM,Winnipeg Jets,0,St. Louis Blues,1,,"16,953",2:21,
12/17/2025,10:00 PM,New Jersey Devils,2,Vegas Golden Knights,1,SO,"17,862",2:41,
12/18/2025,7:00 PM,Edmonton Oilers,3,Boston Bruins,1,,"17,850",2:33,
12/18/2025,7:30 PM,Philadelphia Flyers,3,Buffalo Sabres,5,,"16,055",2:30,
12/18/2025,7:00 PM,Minnesota Wild,5,Columbus Blue Jackets,2,,"14,845",2:34,
12/18/2025,9:00 PM,Seattle Kraken,2,Calgary Flames,4,,"17,449",2:30,
12/18/2025,7:00 PM,Chicago Blackhawks,1,Montreal Canadiens,4,,"20,962",2:27,
12/18/2025,7:00 PM,Pittsburgh Penguins,0,Ottawa Senators,4,,"17,260",2:25,
12/18/2025,10:00 PM,Dallas Stars,5,San Jose Sharks,3,,"15,808",2:34,
12/18/2025,8:00 PM,New York Rangers,2,St. Louis Blues,1,OT,"18,096",2:36,
12/18/2025,7:00 PM,Los Angeles Kings,2,Tampa Bay Lightning,1,,"19,092",2:36,
12/18/2025,7:00 PM,Toronto Maple Leafs,0,Washington Capitals,4,,"18,347",2:23,
12/19/2025,10:00 PM,Dallas Stars,8,Anaheim Ducks,3,,"14,262",2:27,
12/19/2025,9:00 PM,Winnipeg Jets,2,Colorado Avalanche,3,,"18,098",2:26,
12/19/2025,7:00 PM,Carolina Hurricanes,3,Florida Panthers,4,SO,"19,217",2:59,
12/19/2025,7:00 PM,Vancouver Canucks,4,New York Islanders,1,,"17,255",2:26,
12/19/2025,9:00 PM,New Jersey Devils,2,Utah Mammoth,1,,"12,478",2:27,
12/20/2025,10:00 PM,Columbus Blue Jackets,3,Anaheim Ducks,4,,"15,897",2:30,
12/20/2025,7:00 PM,Vancouver Canucks,5,Boston Bruins,4,SO,"17,850",2:48,
12/20/2025,5:00 PM,New York Islanders,2,Buffalo Sabres,3,SO,"19,070",2:47,
12/20/2025,10:00 PM,Vegas Golden Knights,3,Calgary Flames,6,,"18,256",2:25,
12/20/2025,6:00 PM,St. Louis Blues,6,Florida Panthers,2,,"19,081",2:38,
12/20/2025,3:00 PM,Edmonton Oilers,2,Minnesota Wild,5,,"19,025",2:29,
12/20/2025,7:00 PM,Pittsburgh Penguins,0,Montreal Canadiens,4,,"20,962",2:22,
12/20/2025,7:00 PM,Toronto Maple Leafs,3,Nashville Predators,5,,"17,159",2:21,
12/20/2025,12:30 PM,Philadelphia Flyers,4,New York Rangers,5,SO,"18,006",2:46,
12/20/2025,3:00 PM,Chicago Blackhawks,4,Ottawa Senators,6,,"18,254",2:42,
12/20/2025,10:00 PM,Seattle Kraken,4,San Jose Sharks,2,,"17,435",2:24,
12/20/2025,7:00 PM,Carolina Hurricanes,4,Tampa Bay Lightning,6,,"19,092",2:33,
12/20/2025,12:30 PM,Detroit Red Wings,5,Washington Capitals,2,,"18,347",2:27,
12/21/2025,7:00 PM,Ottawa Senators,6,Boston Bruins,2,,"17,850",2:38,
12/21/2025,7:00 PM,Toronto Maple Leafs,1,Dallas Stars,5,,"18,532",2:24,
12/21/2025,1:00 PM,Washington Capitals,2,Detroit Red Wings,3,OT,"19,515",2:37,
12/21/2025,8:00 PM,Vegas Golden Knights,3,Edmonton Oilers,4,,"18,347",2:27,
12/21/2025,6:00 PM,Colorado Avalanche,5,Minnesota Wild,1,,"19,146",2:40,
12/21/2025,7:00 PM,Buffalo Sabres,3,New Jersey Devils,1,,"16,886",2:21,
12/21/2025,7:00 PM,New York Rangers,1,Nashville Predators,2,,"17,159",2:26,
12/21/2025,7:00 PM,Montreal Canadiens,3,Pittsburgh Penguins,4,SO,"17,695",2:45,
12/21/2025,7:00 PM,Winnipeg Jets,3,Utah Mammoth,4,OT,"12,478",2:28,
12/22/2025,10:00 PM,Seattle Kraken,3,Anaheim Ducks,1,,"16,214",2:36,
12/22/2025,10:00 PM,Columbus Blue Jackets,3,Los Angeles Kings,1,,"18,145",2:34,
12/22/2025,7:30 PM,Vancouver Canucks,2,Philadelphia Flyers,5,,"19,994",2:27,
12/22/2025,7:00 PM,St. Louis Blues,1,Tampa Bay Lightning,4,,"19,092",2:24,
12/23/2025,7:00 PM,Montreal Canadiens,6,Boston Bruins,2,,"17,850",2:36,
12/23/2025,7:00 PM,Florida Panthers,5,Carolina Hurricanes,2,,"18,318",2:26,
12/23/2025,9:00 PM,Philadelphia Flyers,3,Chicago Blackhawks,1,,"20,256",2:31,
12/23/2025,9:00 PM,Utah Mammoth,0,Colorado Avalanche,1,,"18,127",2:32,
12/23/2025,6:30 PM,Dallas Stars,3,Detroit Red Wings,4,OT,"19,515",2:29,
12/23/2025,9:00 PM,Calgary Flames,1,Edmonton Oilers,5,,"18,347",2:36,
12/23/2025,10:00 PM,Seattle Kraken,3,Los Angeles Kings,2,,"18,143",2:33,
12/23/2025,8:00 PM,Nashville Predators,3,Minnesota Wild,2,OT,"19,033",2:30,
12/23/2025,7:00 PM,New Jersey Devils,1,New York Islanders,2,,"17,255",2:28,
12/23/2025,7:00 PM,Buffalo Sabres,3,Ottawa Senators,2,OT,"17,753",2:33,
12/23/2025,4:00 PM,Pittsburgh Penguins,3,Toronto Maple Leafs,6,,"18,979",2:31,
12/23/2025,10:00 PM,San Jose Sharks,2,Vegas Golden Knights,7,,"18,092",2:24,
12/23/2025,7:00 PM,New York Rangers,7,Washington Capitals,3,,"18,347",2:30,
12/27/2025,7:00 PM,Boston Bruins,1,Buffalo Sabres,4,,"19,070",2:19,
12/27/2025,7:00 PM,Detroit Red Wings,2,Carolina Hurricanes,5,,"18,321",2:33,
12/27/2025,10:00 PM,Edmonton Oilers,2,Calgary Flames,3,,"19,289",2:25,
12/27/2025,8:00 PM,Chicago Blackhawks,4,Dallas Stars,3,SO,"18,532",2:34,
12/27/2025,7:00 PM,Tampa Bay Lightning,4,Florida Panthers,2,,"19,651",2:50,
12/27/2025,9:00 PM,Anaheim Ducks,1,Los Angeles Kings,6,,"18,145",2:27,
12/27/2025,7:00 PM,Washington Capitals,4,New Jersey Devils,3,OT,"16,763",2:37,
12/27/2025,6:00 PM,New York Rangers,0,New York Islanders,2,,"17,255",2:37,
12/27/2025,8:00 PM,Nashville Predators,2,St. Louis Blues,3,,"18,096",2:27,
12/27/2025,7:00 PM,Ottawa Senators,5,Toronto Maple Leafs,7,,"18,859",2:34,
12/27/2025,10:00 PM,San Jose Sharks,6,Vancouver Canucks,3,,"18,992",2:33,
12/27/2025,10:00 PM,Colorado Avalanche,6,Vegas Golden Knights,5,SO,"18,168",2:45,
12/27/2025,7:00 PM,Minnesota Wild,4,Winnipeg Jets,3,OT,"15,225",2:33,
12/28/2025,5:00 PM,New York Islanders,2,Columbus Blue Jackets,4,,"18,223",2:36,
12/28/2025,7:00 PM,Pittsburgh Penguins,7,Chicago Blackhawks,3,,"20,173",2:30,
12/28/2025,7:00 PM,Toronto Maple Leafs,2,Detroit Red Wings,3,OT,"19,515",2:34,
12/28/2025,8:00 PM,Philadelphia Flyers,1,Seattle Kraken,4,,"17,151",2:22,
12/28/2025,5:00 PM,Montreal Canadiens,4,Tampa Bay Lightning,5,SO,"19,092",2:45,
12/29/2025,10:00 PM,San Jose Sharks,5,Anaheim Ducks,4,,"16,214",2:27,
12/29/2025,7:00 PM,New York Rangers,2,Carolina Hurricanes,3,OT,"18,309",2:46,
12/29/2025,9:00 PM,Boston Bruins,1,Calgary Flames,2,OT,"17,536",2:33,
12/29/2025,9:00 PM,Los Angeles Kings,2,Colorado Avalanche,5,,"18,143",2:24,
12/29/2025,7:00 PM,Washington Capitals,3,Florida Panthers,5,,"19,421",2:33,
12/29/2025,7:30 PM,Columbus Blue Jackets,4,Ottawa Senators,1,,"17,902",2:24,
12/29/2025,10:00 PM,Vancouver Canucks,3,Seattle Kraken,2,SO,"17,151",2:46,
12/29/2025,8:00 PM,Buffalo Sabres,4,St. Louis Blues,2,,"18,096",2:24,
12/29/2025,9:00 PM,Nashville Predators,4,Utah Mammoth,3,,"12,478",2:39,
12/29/2025,10:00 PM,Minnesota Wild,5,Vegas Golden Knights,2,,"18,102",2:17,
12/29/2025,7:30 PM,Edmonton Oilers,3,Winnipeg Jets,1,,"15,225",2:21,
12/30/2025,8:30 PM,New York Islanders,3,Chicago Blackhawks,2,SO,"19,603",2:37,
12/30/2025,7:00 PM,Montreal Canadiens,3,Florida Panthers,2,OT,"19,646",2:36,
12/30/2025,7:00 PM,Carolina Hurricanes,1,Pittsburgh Penguins,5,,"16,011",2:24,
12/30/2025,7:00 PM,New Jersey Devils,0,Toronto Maple Leafs,4,,"18,923",2:27,
12/30/2025,10:00 PM,Philadelphia Flyers,6,Vancouver Canucks,3,,"18,853",2:28,
12/31/2025,4:00 PM,Tampa Bay Lightning,4,Anaheim Ducks,3,OT,"16,214",2:33,
12/31/2025,7:00 PM,New Jersey Devils,3,Columbus Blue Jackets,2,,"17,163",2:29,
12/31/2025,9:30 PM,Philadelphia Flyers,1,Calgary Flames,5,,"18,739",2:26,
12/31/2025,9:00 PM,St. Louis Blues,1,Colorado Avalanche,6,,"18,149",2:32,
12/31/2025,8:00 PM,Buffalo Sabres,4,Dallas Stars,1,,"18,532",2:21,
12/31/2025,6:30 PM,Winnipeg Jets,1,Detroit Red Wings,2,,"19,515",2:20,
12/31/2025,9:30 PM,Boston Bruins,6,Edmonton Oilers,2,,"18,347",2:35,
12/31/2025,4:00 PM,Minnesota Wild,3,San Jose Sharks,4,SO,"17,435",2:32,
12/31/2025,3:00 PM,Nashville Predators,4,Vegas Golden Knights,2,,"17,970",2:47,
12/31/2025,12:30 PM,New York Rangers,3,Washington Capitals,6,,"18,347",2:35,
1/1/2026,7:00 PM,Montreal Canadiens,7,Carolina Hurricanes,5,,"18,299",2:32,
1/1/2026,8:30 PM,Dallas Stars,3,Chicago Blackhawks,4,,"18,801",2:19,
1/1/2026,7:00 PM,Tampa Bay Lightning,5,Los Angeles Kings,3,,"18,001",2:27,
1/1/2026,3:00 PM,Utah Mammoth,7,New York Islanders,2,,"17,255",2:26,
1/1/2026,1:00 PM,Washington Capitals,3,Ottawa Senators,4,,"18,433",2:32,
1/1/2026,7:00 PM,Detroit Red Wings,3,Pittsburgh Penguins,4,OT,"15,540",2:33,
1/1/2026,10:00 PM,Nashville Predators,1,Seattle Kraken,4,,"17,151",2:17,
1/1/2026,7:00 PM,Winnipeg Jets,5,Toronto Maple Leafs,6,,"18,860",2:25,
1/2/2026,10:30 PM,Minnesota Wild,5,Anaheim Ducks,2,,"16,214",2:27,
1/2/2026,8:00 PM,New York Rangers,5,Florida Panthers,1,,"36,153",2:40,"at LoanDepot Park (Sunrise, FL)"
1/2/2026,3:00 PM,Vegas Golden Knights,3,St. Louis Blues,4,,"18,096",2:27,
1/2/2026,10:30 PM,Seattle Kraken,4,Vancouver Canucks,3,SO,"18,724",2:38,
1/3/2026,7:00 PM,Colorado Avalanche,5,Carolina Hurricanes,3,,"18,351",2:34,
1/3/2026,3:00 PM,Buffalo Sabres,1,Columbus Blue Jackets,5,,"18,809",2:28,
1/3/2026,7:00 PM,Nashville Predators,4,Calgary Flames,3,,"17,137",2:47,
1/3/2026,12:00 PM,Pittsburgh Penguins,4,Detroit Red Wings,1,,"19,515",2:18,
1/3/2026,3:30 PM,Philadelphia Flyers,5,Edmonton Oilers,2,,"18,347",2:31,
1/3/2026,9:00 PM,Minnesota Wild,4,Los Angeles Kings,5,SO,"18,145",2:47,
1/3/2026,3:00 PM,Utah Mammoth,1,New Jersey Devils,4,,"16,928",2:25,
1/3/2026,7:00 PM,Toronto Maple Leafs,3,New York Islanders,4,OT,"17,255",2:32,
1/3/2026,7:00 PM,Winnipeg Jets,2,Ottawa Senators,4,,"16,872",2:27,
1/3/2026,4:00 PM,Tampa Bay Lightning,7,San Jose Sharks,3,,"17,435",2:37,
1/3/2026,4:00 PM,Montreal Canadiens,0,St. Louis Blues,2,,"18,096",2:27,
1/3/2026,10:00 PM,Boston Bruins,3,Vancouver Canucks,2,OT,"18,665",2:37,
1/3/2026,7:00 PM,Chicago Blackhawks,3,Washington Capitals,2,SO,"18,347",2:41,
1/4/2026,3:00 PM,Pittsburgh Penguins,5,Columbus Blue Jackets,4,OT,"18,212",2:32,
1/4/2026,7:00 PM,Vegas Golden Knights,2,Chicago Blackhawks,3,OT,"18,266",2:26,
1/4/2026,2:00 PM,Montreal Canadiens,4,Dallas Stars,3,OT,"18,532",2:26,
1/4/2026,5:00 PM,Colorado Avalanche,1,Florida Panthers,2,,"19,654",2:34,
1/4/2026,7:00 PM,Carolina Hurricanes,3,New Jersey Devils,1,,"16,092",2:30,
1/5/2026,9:30 PM,Seattle Kraken,5,Calgary Flames,1,,"16,510",2:25,
1/5/2026,10:30 PM,Minnesota Wild,2,Los Angeles Kings,4,,"16,874",2:31,
1/5/2026,7:00 PM,Utah Mammoth,3,New York Rangers,2,OT,"17,503",2:37,
1/5/2026,7:30 PM,Detroit Red Wings,5,Ottawa Senators,3,,"16,981",2:44,
1/5/2026,7:00 PM,Anaheim Ducks,4,Washington Capitals,7,,"17,560",2:41,
1/6/2026,7:00 PM,Vancouver Canucks,3,Buffalo Sabres,5,,"17,036",2:22,
1/6/2026,7:00 PM,Dallas Stars,3,Carolina Hurricanes,6,,"18,299",2:30,
1/6/2026,9:00 PM,Nashville Predators,2,Edmonton Oilers,6,,"18,347",2:28,
1/6/2026,7:30 PM,New Jersey Devils,0,New York Islanders,9,,"17,255",2:25,
1/6/2026,7:00 PM,Anaheim Ducks,2,Philadelphia Flyers,5,,"19,415",2:48,
1/6/2026,10:00 PM,Boston Bruins,4,Seattle Kraken,7,,"17,151",2:36,
1/6/2026,10:00 PM,Columbus Blue Jackets,2,San Jose Sharks,5,,"16,258",2:34,
1/6/2026,7:00 PM,Colorado Avalanche,2,Tampa Bay Lightning,4,,"19,092",2:29,
1/6/2026,7:30 PM,Florida Panthers,1,Toronto Maple Leafs,4,,"18,911",2:33,
1/6/2026,8:00 PM,Vegas Golden Knights,4,Winnipeg Jets,3,OT,"13,951",2:43,
1/7/2026,9:30 PM,St. Louis Blues,3,Chicago Blackhawks,7,,"17,224",2:35,
1/7/2026,10:30 PM,San Jose Sharks,4,Los Angeles Kings,3,OT,"17,473",2:37,
1/7/2026,7:30 PM,Calgary Flames,1,Montreal Canadiens,4,,"20,962",2:33,
1/7/2026,9:30 PM,Ottawa Senators,1,Utah Mammoth,3,,"12,478",2:36,
1/7/2026,7:00 PM,Dallas Stars,4,Washington Capitals,1,,"18,347",2:30,
1/8/2026,7:00 PM,Calgary Flames,1,Boston Bruins,4,,"17,850",2:26,
1/8/2026,7:00 PM,Anaheim Ducks,2,Carolina Hurricanes,5,,"18,299",2:27,
1/8/2026,9:00 PM,Ottawa Senators,2,Colorado Avalanche,8,,"18,092",2:32,
1/8/2026,7:00 PM,Vancouver Canucks,1,Detroit Red Wings,5,,"18,425",2:24,
1/8/2026,7:00 PM,Florida Panthers,2,Montreal Canadiens,6,,"20,962",2:37,
1/8/2026,8:00 PM,New York Islanders,1,Nashville Predators,2,SO,"17,159",2:45,
1/8/2026,7:00 PM,Buffalo Sabres,5,New York Rangers,2,,"18,006",2:28,
1/8/2026,7:00 PM,Toronto Maple Leafs,2,Philadelphia Flyers,1,OT,"19,546",2:33,
1/8/2026,7:00 PM,New Jersey Devils,1,Pittsburgh Penguins,4,,"16,125",2:27,
1/8/2026,10:00 PM,Minnesota Wild,3,Seattle Kraken,2,OT,"17,151",2:29,
1/8/2026,10:00 PM,Columbus Blue Jackets,3,Vegas Golden Knights,5,,"17,614",2:30,
1/8/2026,8:00 PM,Edmonton Oilers,4,Winnipeg Jets,3,,"14,373",2:20,
1/9/2026,8:00 PM,Washington Capitals,5,Chicago Blackhawks,1,,"19,917",2:27,
1/9/2026,9:00 PM,St. Louis Blues,2,Utah Mammoth,4,,"12,478",2:33,
1/9/2026,8:00 PM,Los Angeles Kings,1,Winnipeg Jets,5,,"14,412",2:28,
1/10/2026,1:00 PM,New York Rangers,2,Boston Bruins,10,,"17,850",2:45,
1/10/2026,7:00 PM,Anaheim Ducks,3,Buffalo Sabres,5,,"19,070",2:37,
1/10/2026,7:00 PM,Seattle Kraken,2,Carolina Hurricanes,3,,"18,310",2:24,
1/10/2026,4:00 PM,Columbus Blue Jackets,0,Colorado Avalanche,4,,"18,127",2:24,
1/10/2026,10:00 PM,Los Angeles Kings,4,Edmonton Oilers,3,SO,"18,347",2:46,
1/10/2026,8:00 PM,New York Islanders,4,Minnesota Wild,3,OT,"19,036",2:33,
1/10/2026,7:00 PM,Detroit Red Wings,4,Montreal Canadiens,0,,"20,962",2:27,
1/10/2026,8:00 PM,Chicago Blackhawks,3,Nashville Predators,0,,"17,297",2:30,
1/10/2026,7:00 PM,Florida Panthers,3,Ottawa Senators,2,,"17,085",2:36,
1/10/2026,7:00 PM,Tampa Bay Lightning,7,Philadelphia Flyers,2,,"19,618",2:24,
1/10/2026,3:30 PM,Calgary Flames,2,Pittsburgh Penguins,1,,"18,322",2:33,
1/10/2026,4:00 PM,Dallas Stars,4,San Jose Sharks,5,OT,"17,435",2:26,
1/10/2026,7:00 PM,Vancouver Canucks,0,Toronto Maple Leafs,5,,"19,078",2:31,
1/10/2026,10:00 PM,St. Louis Blues,2,Vegas Golden Knights,4,,"17,955",2:38,
1/11/2026,5:00 PM,Pittsburgh Penguins,0,Boston Bruins,1,,"17,850",2:26,
1/11/2026,7:00 PM,Washington Capitals,2,Nashville Predators,3,,"17,159",2:31,
1/11/2026,8:00 PM,Vegas Golden Knights,7,San Jose Sharks,2,,"17,435",2:30,
1/11/2026,7:00 PM,Columbus Blue Jackets,3,Utah Mammoth,2,OT,"12,478",2:23,
1/11/2026,2:00 PM,New Jersey Devils,3,Winnipeg Jets,4,,"14,165",2:26,
1/12/2026,7:00 PM,Florida Panthers,4,Buffalo Sabres,3,,"16,343",2:27,
1/12/2026,8:30 PM,Edmonton Oilers,4,Chicago Blackhawks,1,,"17,783",2:24,
1/12/2026,10:00 PM,Toronto Maple Leafs,4,Colorado Avalanche,3,OT,"18,084",2:32,
1/12/2026,7:00 PM,Carolina Hurricanes,3,Detroit Red Wings,4,OT,"19,515",2:43,
1/12/2026,10:00 PM,Dallas Stars,3,Los Angeles Kings,1,,"17,088",2:19,
1/12/2026,8:00 PM,New Jersey Devils,5,Minnesota Wild,2,,"18,747",2:29,
1/12/2026,7:30 PM,Vancouver Canucks,3,Montreal Canadiens,6,,"20,962",2:24,
1/12/2026,7:00 PM,Seattle Kraken,4,New York Rangers,2,,"18,006",2:19,
1/12/2026,7:00 PM,Tampa Bay Lightning,5,Philadelphia Flyers,1,,"19,489",2:34,
1/13/2026,10:00 PM,Dallas Stars,1,Anaheim Ducks,3,,"16,214",2:20,
1/13/2026,7:30 PM,Detroit Red Wings,0,Boston Bruins,3,,"17,850",2:35,
1/13/2026,7:00 PM,Calgary Flames,3,Columbus Blue Jackets,5,,"13,385",2:38,
1/13/2026,8:00 PM,Edmonton Oilers,3,Nashville Predators,4,OT,"17,159",2:29,
1/13/2026,7:00 PM,Vancouver Canucks,1,Ottawa Senators,2,,"15,801",2:19,
1/13/2026,7:00 PM,Tampa Bay Lightning,2,Pittsburgh Penguins,1,SO,"14,546",2:40,
1/13/2026,7:30 PM,Carolina Hurricanes,0,St. Louis Blues,3,,"18,096",2:29,
1/13/2026,10:00 PM,Toronto Maple Leafs,1,Utah Mammoth,6,,"12,478",2:32,
1/13/2026,8:00 PM,New York Islanders,4,Winnipeg Jets,5,,"14,114",2:34,
1/13/2026,7:00 PM,Montreal Canadiens,2,Washington Capitals,3,OT,"18,347",2:36,
1/14/2026,7:30 PM,Philadelphia Flyers,2,Buffalo Sabres,5,,"16,363",2:32,
1/14/2026,10:00 PM,Vegas Golden Knights,3,Los Angeles Kings,2,OT,"18,145",2:18,
1/14/2026,7:00 PM,Seattle Kraken,2,New Jersey Devils,3,OT,"16,027",2:24,
1/14/2026,7:30 PM,Ottawa Senators,8,New York Rangers,4,,"17,776",2:25,
1/15/2026,8:00 PM,Seattle Kraken,2,Boston Bruins,4,,"17,850",2:26,
1/15/2026,7:00 PM,Montreal Canadiens,3,Buffalo Sabres,5,,"19,070",2:32,
1/15/2026,7:00 PM,Vancouver Canucks,1,Columbus Blue Jackets,4,,"14,918",2:23,
1/15/2026,8:30 PM,Calgary Flames,3,Chicago Blackhawks,1,,"16,652",2:36,
1/15/2026,9:00 PM,New York Islanders,1,Edmonton Oilers,0,,"18,144",2:23,
1/15/2026,8:00 PM,Winnipeg Jets,6,Minnesota Wild,2,,"18,275",2:25,
1/15/2026,7:00 PM,Philadelphia Flyers,3,Pittsburgh Penguins,6,,"17,963",2:27,
1/15/2026,9:00 PM,Dallas Stars,1,Utah Mammoth,2,,"12,478",2:33,
1/15/2026,9:30 PM,Toronto Maple Leafs,5,Vegas Golden Knights,6,OT,"17,975",2:41,
1/15/2026,7:00 PM,San Jose Sharks,3,Washington Capitals,2,,"18,347",2:25,
,,,,,,,,,
,,,,,,,,,
,,,,,,,,,
,,,,,,,,,
,,,,,,,,,
,,,,,,,,,
,,,,,,,,,
,,,,,,,,,
,,,,,,,,,
,,,,,,,,,
,,,,,,,,,
,,,,,,,,,
,,,,,,,,,
,,,,,,,,,
,,,,,,,,,
,,,,,,,,,
,,,,,,,,,
,,,,,,,,,
,,,,,,,,,
,,,,,,,,,
,,,,,,,,,
,,,,,,,,,
,,,,,,,,,
,,,,,,,,,
,,,,,,,,,
,,,,,,,,,
,,,,,,,,,
,,,,,,,,,
,,,,,,,,,
,,,,,,,,,
,,,,,,,,,
,,,,,,,,,
,,,,,,,,,
,,,,,,,,,
,,,,,,,,,
,,,,,,,,,
,,,,,,,,,
,,,,,,,,,
,,,,,,,,,
,,,,,,,,,
,,,,,,,,,
,,,,,,,,,
,,,,,,,,,
,,,,,,,,,
,,,,,,,,,
,,,,,,,,,
,,,,,,,,,
,,,,,,,,,
,,,,,,,,,
,,,,,,,,,
,,,,,,,,,
,,,,,,,,,
,,,,,,,,,
,,,,,,,,,
,,,,,,,,,
,,,,,,,,,
,,,,,,,,,
,,,,,,,,,
,,,,,,,,,
,,,,,,,,,
,,,,,,,,,
,,,,,,,,,
,,,,,,,,,
,,,,,,,,,
,,,,,,,,,
,,,,,,,,,
,,,,,,,,,
,,,,,,,,,
,,,,,,,,,
,,,,,,,,,
,,,,,,,,,
,,,,,,,,,
,,,,,,,,,
,,,,,,,,,
,,,,,,,,,
,,,,,,,,,
,,,,,,,,,
,,,,,,,,,
,,,,,,,,,
,,,,,,,,,
,,,,,,,,,
,,,,,,,,,
,,,,,,,,,
,,,,,,,,,
,,,,,,,,,
,,,,,,,,,
,,,,,,,,,
,,,,,,,,,
,,,,,,,,,
,,,,,,,,,
,,,,,,,,,
,,,,,,,,,
,,,,,,,,,
,,,,,,,,,
,,,,,,,,,
,,,,,,,,,
,,,,,,,,,
,,,,,,,,,
,,,,,,,,,
,,,,,,,,,
,,,,,,,,,
,,,,,,,,,
,,,,,,,,,
,,,,,,,,,
,,,,,,,,,
,,,,,,,,,
,,,,,,,,,
,,,,,,,,,
,,,,,,,,,
,,,,,,,,,
,,,,,,,,,
,,,,,,,,,
,,,,,,,,,
,,,,,,,,,
,,,,,,,,,
,,,,,,,,,
,,,,,,,,,
,,,,,,,,,
,,,,,,,,,
,,,,,,,,,
,,,,,,,,,
,,,,,,,,,
,,,,,,,,,
,,,,,,,,,
,,,,,,,,,
,,,,,,,,,
,,,,,,,,,
,,,,,,,,,
,,,,,,,,,
,,,,,,,,,
,,,,,,,,,
,,,,,,,,,
,,,,,,,,,
,,,,,,,,,
,,,,,,,,,
,,,,,,,,,
,,,,,,,,,
,,,,,,,,,
,,,,,,,,,
,,,,,,,,,
,,,,,,,,,
,,,,,,,,,
,,,,,,,,,
,,,,,,,,,
,,,,,,,,,
,,,,,,,,,
,,,,,,,,,
,,,,,,,,,
,,,,,,,,,
,,,,,,,,,
,,,,,,,,,
,,,,,,,,,
,,,,,,,,,
,,,,,,,,,
,,,,,,,,,
,,,,,,,,,
,,,,,,,,,
,,,,,,,,,
,,,,,,,,,
,,,,,,,,,
,,,,,,,,,
,,,,,,,,,
,,,,,,,,,
,,,,,,,,,
,,,,,,,,,
,,,,,,,,,
,,,,,,,,,
,,,,,,,,,
,,,,,,,,,
,,,,,,,,,
,,,,,,,,,
,,,,,,,,,
,,,,,,,,,
,,,,,,,,,
,,,,,,,,,
,,,,,,,,,
,,,,,,,,,
,,,,,,,,,
,,,,,,,,,
,,,,,,,,,
,,,,,,,,,
,,,,,,,,,
,,,,,,,,,
,,,,,,,,,
,,,,,,,,,
,,,,,,,,,
,,,,,,,,,
,,,,,,,,,
,,,,,,,,,
,,,,,,,,,
,,,,,,,,,
,,,,,,,,,
,,,,,,,,,
,,,,,,,,,
,,,,,,,,,
,,,,,,,,,
,,,,,,,,,
,,,,,,,,,
,,,,,,,,,
,,,,,,,,,
,,,,,,,,,
,,,,,,,,,
,,,,,,,,,
,,,,,,,,,
,,,,,,,,,
,,,,,,,,,
,,,,,,,,,
,,,,,,,,,
,,,,,,,,,
,,,,,,,,,
,,,,,,,,,
,,,,,,,,,
,,,,,,,,,
,,,,,,,,,
,,,,,,,,,
,,,,,,,,,
,,,,,,,,,
,,,,,,,,,
,,,,,,,,,
,,,,,,,,,
,,,,,,,,,
,,,,,,,,,
,,,,,,,,,
,,,,,,,,,
,,,,,,,,,
,,,,,,,,,
,,,,,,,,,
,,,,,,,,,
,,,,,,,,,
,,,,,,,,,
,,,,,,,,,
,,,,,,,,,
,,,,,,,,,
,,,,,,,,,
,,,,,,,,,
,,,,,,,,,
,,,,,,,,,
,,,,,,,,,
,,,,,,,,,
,,,,,,,,,
,,,,,,,,,
,,,,,,,,,
,,,,,,,,,
,,,,,,,,,
,,,,,,,,,
,,,,,,,,,
,,,,,,,,,
,,,,,,,,,
,,,,,,,,,
,,,,,,,,,
,,,,,,,,,
,,,,,,,,,
,,,,,,,,,
,,,,,,,,,
,,,,,,,,,
,,,,,,,,,
,,,,,,,,,
,,,,,,,,,
,,,,,,,,,
,,,,,,,,,
,,,,,,,,,
,,,,,,,,,
,,,,,,,,,
,,,,,,,,,
,,,,,,,,,
,,,,,,,,,
,,,,,,,,,
,,,,,,,,,
,,,,,,,,,
,,,,,,,,,
,,,,,,,,,
,,,,,,,,,
,,,,,,,,,
,,,,,,,,,
,,,,,,,,,
,,,,,,,,,
,,,,,,,,,
,,,,,,,,,
,,,,,,,,,
,,,,,,,,,
,,,,,,,,,
,,,,,,,,,
,,,,,,,,,
,,,,,,,,,
,,,,,,,,,
,,,,,,,,,
,,,,,,,,,
,,,,,,,,,
,,,,,,,,,
,,,,,,,,,
,,,,,,,,,
,,,,,,,,,
,,,,,,,,,
,,,,,,,,,
,,,,,,,,,
,,,,,,,,,
,,,,,,,,,
,,,,,,,,,
,,,,,,,,,
,,,,,,,,,
,,,,,,,,,
,,,,,,,,,
,,,,,,,,,
,,,,,,,,,
,,,,,,,,,
,,,,,,,,,
,,,,,,,,,
,,,,,,,,,
,,,,,,,,,
,,,,,,,,,
,,,,,,,,,
,,,,,,,,,
,,,,,,,,,
,,,,,,,,,
,,,,,,,,,
,,,,,,,,,
,,,,,,,,,
,,,,,,,,,
,,,,,,,,,
,,,,,,,,,
,,,,,,,,,
,,,,,,,,,
,,,,,,,,,
,,,,,,,,,
,,,,,,,,,
,,,,,,,,,
,,,,,,,,,
,,,,,,,,,
,,,,,,,,,
,,,,,,,,,
,,,,,,,,,
,,,,,,,,,
,,,,,,,,,
,,,,,,,,,
,,,,,,,,,
,,,,,,,,,
,,,,,,,,,
,,,,,,,,,
,,,,,,,,,
,,,,,,,,,
,,,,,,,,,
,,,,,,,,,
,,,,,,,,,
,,,,,,,,,
,,,,,,,,,
,,,,,,,,,
,,,,,,,,,
,,,,,,,,,
,,,,,,,,,
,,,,,,,,,
,,,,,,,,,
,,,,,,,,,
,,,,,,,,,
,,,,,,,,,
,,,,,,,,,
,,,,,,,,,
,,,,,,,,,
,,,,,,,,,
,,,,,,,,,
,,,,,,,,,
,,,,,,,,,
,,,,,,,,,
,,,,,,,,,
,,,,,,,,,
,,,,,,,,,
,,,,,,,,,
,,,,,,,,,
,,,,,,,,,
,,,,,,,,,
,,,,,,,,,
,,,,,,,,,
,,,,,,,,,
,,,,,,,,,
,,,,,,,,,
,,,,,,,,,
,,,,,,,,,
,,,,,,,,,
,,,,,,,,,
,,,,,,,,,
,,,,,,,,,
,,,,,,,,,
,,,,,,,,,
,,,,,,,,,
,,,,,,,,,
,,,,,,,,,
,,,,,,,,,
,,,,,,,,,
,,,,,,,,,
,,,,,,,,,
,,,,,,,,,
,,,,,,,,,
,,,,,,,,,
,,,,,,,,,
,,,,,,,,,
,,,,,,,,,
,,,,,,,,,
,,,,,,,,,
,,,,,,,,,
,,,,,,,,,
,,,,,,,,,
,,,,,,,,,
,,,,,,,,,
,,,,,,,,,
,,,,,,,,,
,,,,,,,,,
,,,,,,,,,
,,,,,,,,,
,,,,,,,,,
,,,,,,,,,
,,,,,,,,,
,,,,,,,,,
,,,,,,,,,
,,,,,,,,,
,,,,,,,,,
,,,,,,,,,
,,,,,,,,,
,,,,,,,,,
,,,,,,,,,
,,,,,,,,,
,,,,,,,,,
,,,,,,,,,
,,,,,,,,,
,,,,,,,,,
,,,,,,,,,
,,,,,,,,,
,,,,,,,,,
,,,,,,,,,
,,,,,,,,,
,,,,,,,,,
,,,,,,,,,
,,,,,,,,,
,,,,,,,,,
,,,,,,,,,
,,,,,,,,,
,,,,,,,,,
,,,,,,,,,
,,,,,,,,,
,,,,,,,,,
,,,,,,,,,
,,,,,,,,,
,,,,,,,,,
,,,,,,,,,
,,,,,,,,,
,,,,,,,,,
,,,,,,,,,
,,,,,,,,,
,,,,,,,,,
,,,,,,,,,
,,,,,,,,,
,,,,,,,,,
,,,,,,,,,
,,,,,,,,,
,,,,,,,,,
,,,,,,,,,
,,,,,,,,,
,,,,,,,,,
,,,,,,,,,
,,,,,,,,,
,,,,,,,,,
,,,,,,,,,
,,,,,,,,,
,,,,,,,,,
,,,,,,,,,
,,,,,,,,,
,,,,,,,,,
,,,,,,,,,
,,,,,,,,,
,,,,,,,,,
,,,,,,,,,
,,,,,,,,,
,,,,,,,,,
,,,,,,,,,
,,,,,,,,,
,,,,,,,,,
,,,,,,,,,
,,,,,,,,,
,,,,,,,,,
,,,,,,,,,
,,,,,,,,,
,,,,,,,,,
,,,,,,,,,
,,,,,,,,,
,,,,,,,,,
,,,,,,,,,
,,,,,,,,,
,,,,,,,,,
,,,,,,,,,
,,,,,,,,,
,,,,,,,,,
,,,,,,,,,
,,,,,,,,,
,,,,,,,,,
,,,,,,,,,
,,,,,,,,,
,,,,,,,,,
,,,,,,,,,
,,,,,,,,,
,,,,,,,,,
,,,,,,,,,
,,,,,,,,,
,,,,,,,,,
,,,,,,,,,
,,,,,,,,,
,,,,,,,,,
,,,,,,,,,
,,,,,,,,,
,,,,,,,,,
,,,,,,,,,
,,,,,,,,,
,,,,,,,,,
,,,,,,,,,
,,,,,,,,,
,,,,,,,,,
,,,,,,,,,
,,,,,,,,,
,,,,,,,,,
,,,,,,,,,
,,,,,,,,,
,,,,,,,,,
,,,,,,,,,
,,,,,,,,,
,,,,,,,,,
,,,,,,,,,
,,,,,,,,,
,,,,,,,,,
,,,,,,,,,
,,,,,,,,,
,,,,,,,,,
,,,,,,,,,
,,,,,,,,,
,,,,,,,,,
,,,,,,,,,
,,,,,,,,,
,,,,,,,,,
,,,,,,,,,
,,,,,,,,,
,,,,,,,,,
,,,,,,,,,
,,,,,,,,,
,,,,,,,,,
,,,,,,,,,
,,,,,,,,,
,,,,,,,,,
,,,,,,,,,
,,,,,,,,,
,,,,,,,,,
,,,,,,,,,
,,,,,,,,,
,,,,,,,,,
,,,,,,,,,
,,,,,,,,,
,,,,,,,,,
,,,,,,,,,
,,,,,,,,,
,,,,,,,,,
,,,,,,,,,
,,,,,,,,,
,,,,,,,,,
,,,,,,,,,
,,,,,,,,,
,,,,,,,,,
,,,,,,,,,
,,,,,,,,,
,,,,,,,,,
,,,,,,,,,
,,,,,,,,,
,,,,,,,,,
,,,,,,,,,
,,,,,,,,,
,,,,,,,,,
,,,,,,,,,
,,,,,,,,,
,,,,,,,,,
,,,,,,,,,
,,,,,,,,,
,,,,,,,,,
,,,,,,,,,
,,,,,,,,,
,,,,,,,,,
,,,,,,,,,
,,,,,,,,,
