team_id,team_name,s,sv,pdo,cf,ca,cf_1,ff,fa,ff_1,xgf,xga,agf,aga,axdiff,scf,sca,scf_1,hdf,hda,hdf_1,hdgf,hdc,hdga,hdco
COL,Colorado Avalanche,9.1,0.926,101.7,4425,3283,57.4,3140,2479,55.9,202.7,152.2,211,126,35,2025,1582,56.1,707,564,55.6,73,9.4,45,7.4
CAR,Carolina Hurricanes,8.2,0.902,98.4,4501,2957,60.4,3222,2235,59.0,196.4,159.3,181,159,-15,2060,1587,56.5,717,559,56.2,65,8.3,59,9.5
DAL,Dallas Stars,9.8,0.923,102.1,3143,3422,47.9,2247,2441,47.9,163.4,152.0,163,132,20,1551,1544,50.1,565,561,50.2,63,10.0,49,8.0
BUF,Buffalo Sabres,9.5,0.92,101.5,3602,3634,49.8,2686,2732,49.6,172.0,179.7,186,154,40,1702,1808,48.5,602,611,49.6,58,8.8,61,9.1
MTL,Montreal Canadiens,10.2,0.914,101.6,3505,3636,49.1,2526,2592,49.4,166.7,168.4,182,158,26,1723,1772,49.3,564,674,45.6,54,8.7,62,8.4
TBL,Tampa Bay Lightning,10.0,0.917,101.7,3727,3201,53.8,2670,2433,52.3,179.3,160.3,190,146,25,1816,1556,53.9,700,532,56.8,71,9.2,51,8.7
MIN,Minnesota Wild,8.4,0.924,100.7,3733,3910,48.8,2741,2866,48.9,171.6,176.2,164,153,16,1800,1834,49.5,608,595,50.5,57,8.6,55,8.5
BOS,Boston Bruins,9.6,0.922,101.7,3673,3737,49.6,2642,2736,49.1,154.4,178.9,178,150,53,1664,1803,48.0,574,697,45.2,58,9.2,49,6.6
PIT,Pittsburgh Penguins,9.9,0.911,101.0,3809,3693,50.8,2768,2717,50.5,195.2,176.6,196,168,9,1864,1854,50.1,657,686,48.9,71,9.8,60,8.0
OTT,Ottawa Senators,9.2,0.903,99.5,3727,3270,53.3,2726,2357,53.6,180.1,144.3,179,162,-19,1825,1528,54.4,653,534,55.0,65,9.1,61,10.3
PHI,Philadelphia Flyers,9.4,0.913,100.6,3239,3444,48.5,2354,2469,48.8,159.9,144.4,158,146,-4,1606,1613,49.9,549,555,49.7,54,9.0,43,7.2
WSH,Washington Capitals,9.4,0.922,101.5,3713,3711,50.0,2697,2668,50.3,173.8,169.3,178,146,28,1794,1808,49.8,662,651,50.4,65,8.9,61,8.6
CBJ,Columbus Blue Jackets,8.4,0.918,100.3,4018,3779,51.5,2863,2814,50.4,180.4,177.5,173,161,9,1878,1736,52.0,676,589,53.4,58,7.9,39,6.2
NYI,New York Islanders,7.8,0.917,99.5,3656,3686,49.8,2661,2724,49.4,167.4,181.0,145,157,2,1747,1837,48.7,620,709,46.7,50,7.5,55,7.2
DET,Detroit Red Wings,7.5,0.916,99.1,3654,3738,49.4,2663,2700,49.7,166.1,168.0,139,159,-18,1679,1857,47.5,603,627,49.0,41,6.4,62,9.0
VGK,Vegas Golden Knights,8.5,0.899,98.3,3847,3428,52.9,2751,2466,52.7,176.5,144.4,168,170,-34,1757,1624,52.0,629,540,53.8,71,10.1,55,9.2
EDM,Edmonton Oilers,8.4,0.899,98.4,3710,3595,50.8,2745,2645,50.9,186.6,170.3,170,186,-32,1825,1793,50.4,643,596,51.9,55,7.9,73,10.9
ANA,Anaheim Ducks,8.2,0.903,98.6,4045,3626,52.7,2956,2691,52.3,179.9,176.0,167,185,-22,1904,1825,51.1,722,649,52.7,63,8.0,58,8.2
UTA,Utah Mammoth,9.3,0.909,100.3,3882,3343,53.7,2747,2454,52.8,178.4,153.6,180,158,-3,1846,1607,53.5,644,583,52.5,64,9.0,64,9.9
LAK,Los Angeles Kings,7.7,0.923,100.1,3924,3523,52.7,2746,2534,52.0,161.2,154.7,144,135,3,1745,1651,51.4,629,589,51.6,52,7.6,46,7.2
NJD,New Jersey Devils,6.8,0.908,97.6,3933,3632,52.0,2843,2695,51.3,178.2,179.7,136,179,-42,1838,1796,50.6,652,650,50.1,39,5.6,67,9.3
NSH,Nashville Predators,8.1,0.913,99.4,3689,3576,50.8,2613,2772,48.5,171.8,186.4,148,175,-12,1721,1766,49.4,610,573,51.6,61,9.1,69,10.7
WPG,Winnipeg Jets,8.6,0.915,100.1,3463,3529,49.5,2521,2646,48.8,157.3,164.0,152,161,-2,1639,1716,48.9,579,611,48.7,55,8.7,57,8.5
SJS,San Jose Sharks,9.2,0.907,99.9,3266,3624,47.4,2297,2676,46.2,159.7,174.2,156,183,-13,1579,1756,47.3,568,601,48.6,61,9.7,56,8.5
FLA,Florida Panthers,8.5,0.902,98.7,3649,3282,52.6,2641,2532,51.1,160.3,164.9,152,178,-21,1739,1610,51.9,626,590,51.5,67,9.7,76,11.4
STL,St. Louis Blues,8.5,0.912,99.7,3363,3534,48.8,2421,2620,48.0,159.0,161.0,150,165,-13,1642,1654,49.8,551,616,47.2,46,7.7,62,9.1
SEA,Seattle Kraken,8.7,0.925,101.2,3373,3940,46.1,2455,2909,45.8,150.3,171.6,150,151,20,1543,1793,46.3,485,652,42.7,67,12.1,58,8.2
TOR,Toronto Maple Leafs,9.3,0.908,100.1,3368,4024,45.6,2502,3042,45.1,158.7,192.5,166,202,-2,1626,1935,45.7,548,633,46.4,55,9.1,60,8.7
CGY,Calgary Flames,7.3,0.913,98.6,3767,3762,50.0,2660,2750,49.2,164.4,184.8,141,173,-12,1656,1852,47.2,602,686,46.7,49,7.5,66,8.8
NYR,New York Rangers,8.7,0.921,100.8,3582,3656,49.5,2489,2702,47.9,152.4,160.0,148,151,5,1670,1684,49.8,578,550,51.2,53,8.4,50,8.3
CHI,Chicago Blackhawks,8.6,0.91,99.6,3268,3796,46.3,2425,2949,45.1,142.9,201.8,146,192,13,1514,1892,44.5,537,689,43.8,64,10.6,71,9.3
VAN,Vancouver Canucks,7.6,0.902,97.8,3416,3784,47.4,2502,2874,46.5,155.2,194.4,128,204,-37,1616,1921,45.7,585,693,45.8,47,7.4,72,9.4
